교통약자이동지원센터명,소재지도로명주소,소재지지번주소,위도,경도,보유차량대수,보유차량종류,슬로프형휠체어차량대수,리프트형휠체어차량대수,예약접수전화번호,예약접수인터넷주소,앱서비스명,평일예약접수운영시작시각,평일예약접수운영종료시각,주말예약접수운영시작시각,주말예약접수운영종료시각,차량평일운행시작시각,차량평일운행종료시각,차량주말운행시작시각,차량주말운행종료시각,사전예약신청기간,차량이용제한사항,차량관내운행지역,차량관외운행지역,차량이용대상,차량이용요금,관리기관명,관리기관전화번호,데이터기준일자,제공기관코드,제공기관명
완도군 개인택시 지부(위탁),완도군 완도읍 개포로130번길 15,전라남도 완도군 완도읍 군내리 1233-5,34.318879,126.7445341,4,승합,4,0,1899-1110,전남광역콜 앱,,8:00,23:00,8:00,23:00,8:00,23:00,8:00,23:00,1일전,,,,"장애정도가 심한 장애인,임산부,사고질병 등 일시적 휄체어 이용자,등",500원,완도군,061-550-5580,2020.1.1,4990000,전라남도 완도군
고양시 교통약자이동지원센터,경기도 고양시 일산동구 강송로 14,경기도 고양시 일산동구 백석동 1233,37.64247907,126.7953758,78,승합(중형)+카니발(저상장애인차),76,2,1577-5909,x,x,6:00,22:00,9:00,18:00,0:00,23:59,0:00,23:59,10:00~ (인접지역 외 광역이동에 한하여 전날 사전예약),월 3회이상 즉시차량 배차 후 이용신청 취소시+월 3회이상 차량도착 후 10분 내 미승차시+이용자 및 보호자가 상담원 및 운전원에게 폭언폭행성희롱 신체접촉 등으로 업무를 방해한 경우 등,관내 전지역,강서구+마포구+서대문구+은평구+영등포구+서울역+계양구+인천국제공항+의정부+파주+양주+김포+부천,①장애인1-2급중 보행상장애표준기준표상의 1-2급 해당자 + ②버스- 지하철 이용이 어려운 만65세이상 노인장기요양등급 1-2급 수급자 + ③교통약자를 동반하는 가족 및 보호자 + ④사고-질병 등 일시적 장애로 휠체어 이용이 불가피하다는 해당 전문의의 진단서를 제출한 사람은 장애등급 발급 기간동안 3개월 내 한시적 이용 가능,기본 10km 1300원 /추가 5km당 100원,고양도시관리공사,031-932-0661,2021.9.27,3940000,경기도 고양시
경북지체장애인협회 봉화군지회,경상북도 봉화군 봉화읍 내성천2길 93,경상북도 봉화군 봉화읍 내성리 361-1,36.89365762,128.737331,4,카니발,2,0,054-673-4747,없음,,9:00,18:00,0:00,0:00,9:00,18:00,0:00,0:00,7일,비장애인만 승차하는 경우+주말 차량운행 안함,봉화군 전지역,경상북도+대구광역시+태백시,중증장애1~2급+재가등급+만65세이상노약자(의사소견서첨부)+임산부,"10km 1,000원+10km초과 시 km당 200원 추가+고속도로(유로도로) 통행료는 이용자 부담",경상북도 봉화군청,054-679-6292,2021.9.28,5240000,경상북도 봉화군
(사)강원도지체장애인협회 평창군지회,강원도 평창군 진부면 진벌1길 144-19,강원도 평창군 진부면 상진부리 245-23,37.65292724,128.5711924,5,그랜드카니발+4세대카니발,5,0,1577-2014,http://call.gwd.go.kr,강원도교통약자광역이동지원센터,9:00,18:00,9:00,18:00,7:00,22:00,9:00,18:00,7일,"1. 다음의 경우 해당 배차일로부터 10일간 이용제한    1) 운전원은 이용자가 지정한 출발지에 도착한 후, 3번 이상의 전화로 확인을        할 수 있으며 이후 승차하지 않을 경우(3회 이상)    2) 이용시 사전 연락 없이 목적지 변경 또는 이용신청을 취소한 경우(3회 이상)    3) 지정된 목적지외 다른 장소를 경유하는 경우    4) 신청 등록시 대상자와 승차인원이 다르거나, 증빙서류의 누락 또는 사실과      다른 경우(2",평창군 전역,강원도 전역,"중증장애인+보행상 이동이 불편한 자+65세 이상의 사람으로서 대중교통의 이용이 어려운 사람+임산부+강원도 교통약자 광역이동지원센터(이하 광역센터)에 임시등록이 된 사람(타지 이용객)+제1호부터 제3호까지에 해당하는 이용대상자를 동반하는 보호자 1인(가족, 요양보호사, 활동보조인, 복지시설직원 등)+일시적으로 휠체어를 이용하는 사람+국가유공자","관내(4km까지 1,100원, 추가 1km당 100원추가)+관외(4km까지 1,100원, 추가 1km당 100원추가)+대기료(1시간무료, 30분당 2천원, 수급자 톨비면제)",평창군청,033-330-2356,2021.9.15,4280000,강원도 평창군
사)충남지체장애인협회 당진시지회,충청남도 당진시 백암1길 61,충청남도 당진시 채운동 170-2,36.88724061,126.6247065,14,"카니발,그랜드스타렉스",12,2,1644-5588,http://corona19.dangjin.go.kr/,,0:00,23:59,0:00,23:59,8:00,19:00,9:00,17:00,7일,,당진시 전지역,"서울,대전,인천,충북,경기도","장애등급 1급 또는 2급 장애인, 호흡기, 자폐, 정신, 지적, 1,2급에 해당하는 장애인으로써 대중교통수단의 이용이 어려운 사람 (그외 목발, 휠체어등 보장구를 사용하는 장애인) 제2조제1항에 따른 3급에 해당하는 장애인중 뇌병변 장애 또는 하지에 장애가 있는 지체장애인. 65세 이상자 중 휠체어 또는 보조기구를 이용하는 대중교통수단 등의 이용이 어려운 사람.  일시적으로 휠체어를 이용하는 사람.  차량이용시 이용자1인  보호자1인 이용가능","관내-기본요금 2km : 1.400원      -추가요금 :130원/1km      -관내 최대요금:3,200원관외-km당 260원      -대기료 1시간당 4,000원      -(병원진료시 최대 3시간)      -왕복통행료(편도,왕복)      -주차료 발생시 주차비",당진시 교통과,041-350-4523,2021.9.23,5680000,충청남도 당진시
양평군교통약자이동지원센터,경기도 양평군 양평읍 마유산로 9,경기도 양평군 양평읍 양근리 540-1,37.49776189,127.4871469,27,장애인카니발,24,0,1899-8268,http://ypcall.or.kr,인터넷예약시스템,9:00,18:00,9:00,18:00,8:00,21:00,8:00,21:00,이용2일전,관내 1일 4건까지 이용 가능+관외 1달 2건(왕복)까지 이용 가능,양평군 전지역,경기도 전역+서울특별시+강원도(홍천군+횡성군+원주시),장애정도가 심한장애인+일시장애+고령자+임산부 등,기본요금 1500원(10km 이내)+추가요금 100원(5km 추가 시),경기도 양평군청 교통과,031-770-3762,2021.12.21,4170000,경기도 양평군
제천시 특별교통수단 이동지원센터,충청북도 제천시 내토로 73길 22,충청북도 제천시 고암동 145-13,37.171529,128.242342,11,카니발+스타렉스,10,0,043-644-5553,해당없음,,7:00,22:00,7:00,22:00,7:00,22:00,7:00,22:00,1일,보호자 동반,관내 전체,원주+충주+단양+영월,장애정도가 심한 장애인+일시적 휠체어 이용자,일반택시 미터기의 50원,제천시지체장애인협회,043-644-0860,2021.12.14,4400000,충청북도 제천시
영천시교통약자이동지원센터,경상북도 영천시 천문로 210-7,경상북도 영천시 금노동 372-16,35.957177,128.932791,7,승합,0,7,1899-7770,http://www.brmcall.co.kr,,8:30,18:00,8:30,18:00,9:00,18:00,9:00,18:00,7일전 예약,개인목적 영천출발만 가능 병원 통학목적 왕복 가능,영천시 전지역,경상북도 내+대구광역시,영천시 교통약자의 이동편의 증진에 관한 조례에 따른 교통약자,기본요금(5km까지) 1400원+기본요금 1400원 추가 1km당 200원,경북지체장애인협회 영천시지회,054-337-4422,2021.12.21,5100000,경상북도 영천시
신안군교통약자이동지원센터,전남 목포시 수강로3번길 14,전남 목포시 만호동 3-4,34.7841922,126.3821013,4,창림저상슬로프장애인차(3대)+뉴원카니발장애인차(1대),4,0,1899-1110,해당없음,전남광역승객용 앱,10:00,18:00,10:00,18:00,7:00,19:00,7:00,19:00,이용 1일전,관외 이용시 1일전 예약,신안군 관내,전남+광주광역시,장애의 정도가 심한장애인 중 대중교통 이용이 어려운자+65세이상으로 대중교통 이용이 어려운자+일시적 휠체어 이용자+대중교통 이용이 어려운 임산부+이용대상자를 동반하는 보호자,기본요금 2km 500원+추가요금 1km당 100원 ※상한액 : (관내) 시·군내버스요금/(관외) 시외버스 요금,전라남도 신안군,061-240-8158,2021.12.23,5010000,전라남도 신안군
교통약자 특별교통수단,경상남도 통영시 북문2길 43-16,경상남도 통영시 정량동 162-5,34.84996554,128.4293738,20,그랜드스타렉스,0,20,1566-4488,해당없음,,0:00,23:59,0:00,23:59,0:00,23:59,0:00,23:59,1일,,경상남도,부산광역시,중증장애1~2급+만65세이상노약자(의사소견서첨부)+임산부,"기본요금 1400원+143m당 50원 추가 (단, 시내버스요금의 2배 이내)",경상남도 통영시,055-650-5314,2022.1.24,5330000,경상남도 통영시
부산광역시 특별교통총괄본부(부산시설공단),"부산광역시 연제구 중앙대로1226번길 18, 2층(거제동, 금샘빌딩)",부산광역시 연제구 거제동 163-10,35.19784977,129.0800058,181,스타렉스+올뉴카니발+카운티+쏠라티,172,9,051-466-8800,http://www.duribal.co.kr/,즉시콜,0:00,24:00:00,0:00,24:00:00,0:00,24:00:00,0:00,24:00:00,"(창원지역 한정) 이용희망 전일 예약제(예약시간 09:00~16:00한정), 편도운행(단, 현지 대기시간 1시간 이내일 경우 왕복운행)",만취 후 이용시+화물 운송 목적+혼자 탑승이 불가능함에도 보호자를 동반하지 아니한 경우+요금을 지불하지 않는 경우+복지카드 또는 의사소견서 제시를 거부할 경우+상담원 및 운전원에게 욕설 폭언 폭행하는 경우+특별교통수단의 기물을 손괴하는 경우,부산광역시 전지역,김해+양산+창원,"중증장애인(기존1~3급)-시각, 신장, 뇌병변, 뇌전증(보호자 동반시), 지체(하지)+일시적 휠체어 탑승조건 상지 지체장애인(추가서류제출필요)+일시적 장애인으로 진단서 첨부된 휠체어이용자+65세이상 휠체어이용자면서 장기요양등급인정서(요양등급1~3급) 제출자+휠체어 탑승 복합 중증장애인+교통약자를 동반하는 가족 또는 보호자",기본요금 5km 1800원+이후요금 422m 102초당 100원 추가+시외운행시 시계외할증 20+유료도로 통행료 이용자 부담,부산광역시,051-888-3994,2021.10.26,6260000,부산광역시
진주시교통약자특별교통수단(일진교통),경상남도 진주시 내동면 독산리 525-1,,35.16988123,128.2064406,17,카니발휠체어슬로프,17,0,1566-4488,http://www.15664488.co.kr/,즉시콜,0:00,23:59,0:00,23:59,0:00,23:59,0:00,23:59,1일 전 21:00,,진주시 전역,경남 전역+부산지역 병원,장애 정도가 심한 장애인 중 보행상 장애가 있는 사람+65세 이상·임산부·영유아를 동반한 사람·일시적으로 휠체어를 이용하는 사람으로 대중교통수단의 이용이 어려운 사람+동반가족 및 보호자,"진주시 관내 : 기본요금 1,100원(2km)+주행 100원(286m)+시간요금 100원(68초)+관외지역 : 시외버스 요금의 2배",진주시,055-749-8724,2021.10.26,5310000,경상남도 진주시
진주시교통약자특별교통수단(동진택시),경상남도 진주시 선학산길 73,,35.18727147,128.1119228,17,카니발휠체어슬로프,17,0,1566-4488,http://www.15664488.co.kr/,즉시콜,0:00,23:59,0:00,23:59,0:00,23:59,0:00,23:59,1일 전 21:00,,진주시 전역,경남 전역+부산지역 병원,장애 정도가 심한 장애인 중 보행상 장애가 있는 사람+65세 이상·임산부·영유아를 동반한 사람·일시적으로 휠체어를 이용하는 사람으로 대중교통수단의 이용이 어려운 사람+동반가족 및 보호자,"진주시 관내 : 기본요금 1,100원(2km)+주행 100원(286m)+시간요금 100원(68초)+관외지역 : 시외버스 요금의 2배",진주시,055-749-8724,2021.10.26,5310000,경상남도 진주시
인천 교통약자 이동지원센터,인천광역시 미추홀구 매소홀로 618,인천광역시 미추홀구 문학동 482,37.43654516,126.6864606,169,카니발+스타렉스,141,28,1577-0320,www.intis.or.kr,없음,0:00,23:59,0:00,23:59,0:00,23:59,0:00,23:59,2일,1일2회 취소+3일3회취소,인천광역시 전지역,강서구+김포+부천+시흥,"보행상 장애를 가진 중증장애인+장애1~2급+3급 뇌병변, 하지지체장애안+휠체어이용자",기본요금 2Km까지 1200원+2Km 초과 10Km까지 1Km당 200원 추가+10Km 초과 시 5Km당 300원,인천광역시,032-440-3802,2021.10.25,6280000,인천광역시
성남시내버스(주) 택시사업부,경기도 성남시 중원구 순환로233,경기도 성남시 중원구 순환로233 4층,37.44407384,127.1785358,80,카니발,80,0,1577-1158,해당없음,,0:00,23:59,0:00,23:59,0:00,23:59,0:00,23:59,최소1일~7일전,유해 물품을 소지한 경우+휠체어 고정 장치의 결속을 거부하는 경우+안전벨트(고정벨트) 착용을 거부하는 경우+법정 전염병 환자 및 중병자가 승차하는 경우+안전사고가 발생할 수 있는 교통약자 승객단독으로 승차하는 경우+금지행위에 대하여 사업자 및 종사원의 제지 또는 안내에 따르지 않는 경우+휴대품의 중량 용적규격을 초과하거나 화물운송을 요구 하는 경우,성남시 전지역,경기+서울+인천,보행상장애인으로서 장애정도가 심한 장애인+기타 휠체어로 이동하는자(의사소견서),기본요금10km(1500원)+거리요금5km(100원),성남시 (대중교통과),031-729-3722,2021.10.20,3780000,경기도 성남시
전라남도지체장애인협회 보성군지회,전라남도 보성군 보성읍 현충로 186,,34.77417491,127.0865911,5,카니발,5,0,1899-1110,없음,없음,8:00,18:00,8:00,18:00,8:00,22:00,8:00,22:00,1일전,,보성군 전역,광주광역시+인접시군,장애인1~2급+장애인1~2급보호자+65세이상노약자(대중교통이용이 어려운자),기본요금 2km:500,보성군,061-850-5514,2021.10.25,4890000,전라남도 보성군
군산시 교통약자 이동지원센터,전라북도 군산시 소룡2길 51,전라북도 군산시 소룡동 1554-2,35.972906,126.6773154,24,그랜드 카니발,24,0,063-227-0002,www.0632270002.com,전라북도 광역이동지원센터 승객용 앱,0:00,23:59,0:00,23:59,0:00,23:59,0:00,23:59,이용일 기준 8일전부터 신청 전일 17시까지,,군산시 전역,전라북도 도내,장애인 및 휠체어 이용자 등 교통약자,"기본 700원, 추가1km 당 100원",전라북도 군산시,063-454-3783,2021.10.24,4670000,전라북도 군산시
교통약자이동지원센터,충청북도 옥천군 옥천읍 옥천동이로 36-11,충청북도 옥천군 옥천읍 장야리 224-3,36.29910067,127.580189,6,"스타렉스 1, 카니발 5",5,1,043-731-1026,없음,없음,8:00,20:00,8:00,20:00,8:00,20:00,8:00,20:00,0:00,"장애의 정도가 심한 장애인, 만65세 이상 교통약자",관내일원,"대전, 금산, 영동, 보은","장애의 정도가 심한 장애인, 만65세 이상 교통약자","기본요금(5km까지 1,700원), 추가요금(1km 당 200원)",옥천군청,043-730-3538,2021.10.12,4430000,충청북도 옥천군
세종누리콜,세종특별자치시 연서면 아홉거리길 100,세종특별자치시 연서면 월하리 948-8,36.593688,127.283869,26,카니발+스타렉스+k5+니로ev,19,1,1899-9042,https://nuricall.sctc.kr/,세종누리콜(승객용),8:00,19:00,8:00,17:00,6:00,0:00,6:00,0:00,1~2일,1. 탑승시 이용자 확인을 위해 장애인등록증(복지카드) 또는 신분증 제시2. 차량 도착 후 10분 이내에 승차(10분 지나면 취소됨)3.안전을 위하여 승차 시 반드시 안전벨트 착용,관내,"천안시, 대전시, 공주시, 청주시","장애인복지법시행규직 제2조 제1항에 따른 장애의 정도가 심한 장애인으로서 대중교통 이용이 어려운 자, 65세 이상 노인으로 노인요양등급 1등급~3등급 판정을 받은 사람, 국가유공자 상이등급 1~3급에 해당하는 자. 영유아 동반 및 임산부는 의료기관에서 대중교통 이용이 어렵다는 증빙서류를 제출한 사람, 일시적으로 휠체어를 이용하는 자로서 의료기관이 발행한 대중교통 이용이 어렵다는 진단서를 제출한 자","기본요금1000원(기본거리:3km)+기본초과 1km당 200원+고속도로 및 유료도로 통행료, 주차료는 이용자부담",세종특별자치시,044-300-5516,2021.10.15,5690000,세종특별자치시
괴산군 교통약자 이동지원센터(장애인협회),충청북도 괴산군 괴산읍 읍내로3길 11,,36.80617067,127.7915432,2,"스타렉스 1대, 카니발 1대",2,0,043-832-7775,없음,없음,9:00,18:00,9:00,18:00,9:00,18:00,9:00,18:00,즉시 가능,,,,정도가 심한 장애인 중 거동이 불편한 자+65세 이상 노약자+임산부+교통약자를 동반하는 가족 및 보호자,택시요금의 50,괴산군,043-830-3569,2021.10.24,4460000,충청북도 괴산군
괴산군 교통약자 이동지원센터(모범운전자회),충청북도 괴산군 괴산읍 남산길 59,,36.80574942,127.8005846,2,카니발,2,0,043-834-0008,없음,없음,9:00,18:00,8:30,18:00,9:00,18:00,8:30,18:00,즉시 가능,,,,정도가 심한 장애인 중 거동이 불편한 자+65세 이상 노약자+임산부+교통약자를 동반하는 가족 및 보호자,택시요금의 50,괴산군,043-830-3569,2021.10.24,4460000,충청북도 괴산군
전라남도 지체장애인협회 곡성군지회,전라남도 곡성군 곡성읍 읍내14길 12-1,전라남도 곡성군 곡성읍 읍내리 261-12,35.28043576,127.2962815,4,특수승합차,0,3,061-363-8220,해당없음,,8:00,18:00,8:00,18:00,8:00,18:00,8:00,18:00,주말 및 공휴일의 경우 사전예약,,곡성군 전역,광주광역시전역+곡성 인접시군+전라북도 남원시,장애의정도가 심한 장애인으로 대중교통이용이 어려운 자+장애인으로서 휠체어를 이용하는 자+65세이상의 사람으로서 대중교통수단의 이용이 어려운 자+임산부로서 대중교통 이용이 어려운 자+일시적으로 휠체어를 이용하는 사람으로서 대중교통이용이 어려운 자+영유아(만0~5세)를 동반하는 가족 및 보호자,"기본 2km 500원, 추가 1km당 100원상한액 관내 시군버스요금+관외 시외버스요금, 심야(00:00~04:00)은 2배 적용",전라남도 곡성군,061-360-2671,2021.10.20,4860000,전라남도 곡성군
정선군교통약자이동지원센터,강원도 정선군 정선읍 녹송2길50,강원도 정선군 정선읍 애산리432-309,37.38230943,128.673439,5,카니발,5,0,1577-2014,http://call.gwd.go.kr,,9:00,18:00,9:00,18:00,7:00,22:00,7:00,21:59,최소 1일전,예약당일취소 또는 현장취소가 월 3회 초과 시 1개월 제한+비장애인만 승차하는 경우,정선군전지역,강원도내 전지역 강원도외는 상급병원방문시 가능,장애의 정도가 심한 장애인 중 보행불편 장애인+임산부+만65세이상 고령자 중 휠체어 이용자+교통약자를 동반하는 가족 및 보호자,"관내지역(기본 4㎞)기본요금 1,100원외 1Km당 100원 추가+관외지역 기본요금 1,100원외 1Km당 100원 추가+시설이용료(통행료,주차료등)와 대기료(1시간 무료,30분당 2,000원, 최대 4시간 대기가능)은 이용자 추가 부담",정선군(정선군장애인연합회),033-563-2401,2021.10.20,4290000,강원도 정선군
함안군교통약자콜택시(경남지체장애인연합회 함안군지회),경상남도 함안군 가야읍 중앙남길 70,경상남도 함안군 가야읍 말산리 185-1,35.27505859,128.4105797,8,그랜드스타렉스 및 카니발,6,2,1566-4488,http://www.15664488.co.kr,,9:00,23:59,9:00,23:59,9:00,23:59,9:00,17:00,0월,,경상남도,경상남도,심한장애인 중 보행상장애인 + 일시적으로 대중교통 이용 어려운 사람,"시외버스요금의 1.5배+관내는 2,200원",함안군,055-580-2394,2020.11.27,5400000,경상남도 함안군
의왕시 교통약자이동지원센터,경기도 의왕시 왕소나무길 29-15,경기도 의왕시 월암동 604,37.30274385,126.959074,11,카니발,11,0,031-462-8253,0,0,9:00,18:00,9:00,18:00,7:00,23:59,9:00,18:00,2일전,"1. 당일 예약시간 1시간이내 취소할 경우(당일이용및예약제한)2. 등록 대상자와 이용자가 다른경우(승차거부)3. 이용요금을 체납한 경우(납부시 까지 이용제한)4. 운전원에 대한 폭행,폭언 및 차량내에서 소란을 행사할 경우(1개월 이용제한, 재발할 경우 영구적 이용제한)5. 차량 도착후 10분이내에 승차하지 않는 횟수가 월3회 이상인 경우(1개월 이용제한)6.약시간 1시간 이내에 취소한 횟수가 월3회 이상인경우(1개월 이용제한)","안양,과천,군포","그외지역(서울,경기권)","1. 1급 또는 2급 장애인으로서 버스, 지하철 등 대중교통 이용이 어려운 사람2. 노인장기요양등급 1급,2급3. 65세 이상으로 버스, 지하철 등 대중교통 이용이 어려운 사람(진단서첨부)4. 그 밖에 혼자서 외출이 곤란하여 시장이 특별교통수단이 필요하다고 인정하 는 사람5. 제1호부터 제4호까지의 규정에 해당하는 교통약자를 동반하는 가족 및 보호자6. 관외 운행은 병원치료 목적에 한함","시 인근지역(의왕, 안양, 군포, 과천)기본1500원+인근지역 외 Km당 200원 추가(유료도로 통행료, 주차요금 등은 이용자 부담)",의왕도시공사,031-462-8253,2020.1.1,B552752,의왕도시공사
나주시 교통약자이동지원센터,전라남도 나주시 봉황로 49,전라남도 나주시 부덕동 452-5,34.98797799,126.728627,10,승합차,7,3,1899-1110,http://,,0:00,24:00:00,0:00,24:00:00,8:00,24:00:00,8:00,24:00:00,없음,이용대상자 이외 이용 금지,나주시 전지역,전라남도+광주광역시( 출발지 또는 목적지가 나주시인 경우),장애의 정도가 심한 장애인+65세 이상으로 대중교통 이용이 어려운 사람+임산부+일시적 휠체어 이용자+동반자 및 보호자 2인 이내,"2km 이내 500원, 1km 초과당 100원",전라남도 나주시,061-339-8832,2019.7.1,4830000,전라남도 나주시
서천군 교통약자 이동지원센터,"충청남도 서천군 서천읍 충절로81번길 7, 청림주상복합빌딩 1층7호",충청남도 서천군 서천읍 군사리 649-2,36.07484589,126.6914382,6,카니발,6,0,041-951-0774,없음,없음,9:00,18:00,0:00,0:00,9:00,18:00,0:00,0:00,실시간,"비장애인, 65세미만",서천군 전역,"관외: 충청남도 및 인접시도(서울,인천,대전,세종,경기,충북,전북)",.「장애인복지법 시행규칙」제2조제1항에 따른 제1급 또는 제2급 장애인으로서 버스 등의 이용이 어려운 자· 65세 이상의 사람으로서 버스 등의 이용이 어려운 사람· 교통약자를 동반하는 가족 및 보호자· 임산부 등 대중교통 이용이 어려운 사람,관내: 출발시~2km미만 1300원/출발지~2km 초과시 1300원+1km당 130원(상한액2600원)/추가요금: 대기료 30분당 2000원/관외: 출발지~2km미만 1300원/출발지~2km 초과시 1300원+1km당 260원,(사)한국지체장애인충남협회서천군지회,041-951-0774,2021.7.12,4580000,충청남도 서천군
(사)한국지체장애인협회 부여군지회,충청남도 부여군 규암면 흥수로 816,충청남도 부여군 규암면 내리 246-3,36.27331322,126.8712187,4,카니발,4,0,041-836-0700,미운영,,9:00,18:00,0:00,0:00,9:00,18:00,0:00,0:00,2일,,부여전역,대전+충청남도,중증장애1~2급+장애인임산부+교통약자를 동반하는 가족 및 보호자,"기본요금 : 2km이내 1,300원추가요금 : km당 130원최대요금 : 2,600원",부여군청,041-830-2278,2021.7.15,4570000,충청남도 부여군
평택시교통약자이동지원센터,"경기도 평택시 도일유통길 25 (도일동, 평택도시공사 1층)",경기도 평택시 도일동 1169-5 (평택도시공사 1층),37.03860497,127.1006698,49,카니발,49,0,031-651-4700,http://ggsts.gg.go.kr,경기도 광역 이동지원 시스템,9:00,18:00,9:00,18:00,0:00,23:59,0:00,23:59,1일 전,"이용(승차)거부 : 복지카드(신분증)등 증빙서의 제시 또는 관련 서류의 제출을 거부한 경우+실제 탑승인과 복지카드(신분증) 및 증빙서의 이용 대상자가 다를 경우+보호자 없이 탑승 시 안전상의 문제가 발생할 수 있다고 판단되는 경우+당일(1일) 제한 : 예약시간으로부터 1시간 이내 변경(출발지,목적지,탑승시간) 또는 예약을 취소한 경우+사전연락 없이 차량 도착 후 10분 이내에 미승차한 경우+1개월 제한 : 예약시간으로부터 1시간 이내 변경(출발",평택시 전지역,"서울+경기+인천+충청지역(단, 병원진료, 재활센터, 발달센터 및 복지센터 - 본인 진료목적 한정)+인접지역(시 경계 10km 이내) : 출퇴근 및 등하교 목적 이용가능",보행상의 장애인으로서 장애의 정도가 심한 장애인+국가유공자 상이 1~2급+대중교통 이용이 불가능하다는 종합병원에서 발급한 진단서를 제출한 사람+교통약자를 동반하는 가족 및 보호자 2인 이내 동승가능,"기본요금 10km당 1,200원+추가요금 5km당 100원(관·내외 요금 동일)+대기요금 및 유료도로 이용요금 : 무료+유료주차장 이용요금 : 이용자 부담",평택도시공사,031-8053-8800,2021.7.9,3910000,경기도 평택시
무주군교통약자이동지원센터,전라북도 무주군 무주읍 주계로 116,전라북도 무주군 무주읍 읍내리 210-2,36.00671051,127.662714,4,창림스타렉스슬로프장애인차,4,0,063-227-0002,해당없음,,0:00,24:00:00,0:00,24:00:00,0:00,24:00:00,0:00,24:00:00,7일~3일전,,무주군 전지역,대한민국,보행이불편한자로서 이용등록된 자,기본요금 700원(2km)+거리요금 100원/1km,무주군 교통약자이동지원센터,063-322-9414,2021.7.10,4740000,전라북도 무주군
순창군 교통약자이동지원센터,전라북도 순창군 순창읍 장류로 407-11,,35.37765073,127.1468543,4,카니발,4,0,063-227-0002,www.0632270002.com,전라북도 광역이동지원센터 승객용앱,0:00,0:00,0:00,0:00,0:00,0:00,0:00,0:00,7일,"·이용신청 없이 운전원과 직접 연락하여 차량을 이용한 경우·무임승차를 한 경우·상담원, 운전원에 대하여 욕설·폭언·폭행·성적 희롱을 한 경우·방뇨, 오물투기 등 의도적으로 차량의 운행을 방해하는 경우·광역이동지원센터에 방문하여 무단으로 소란을 일으키거나 업무를 방해하는 경우·이용객과 동반할 목적이 아닌 비장애인을 동승시키는 경우·이용객과 동반할 목적이 아닌 비장애인을 동승시키는 경우(기간에 관계없이 2회 적발시)",순창군 전지역,권역(순창+남원+임실) 및 전국,"· 장애의 정도가 “심한 장애인” 중 대중교통 이용이 어려운자 (보행상 장애인)· 65세 이상으로 대중교통 이용이 어려운 자· 대중교통 이용이 어려운 임산부, 일시적 휠체어 이용자","· 권역내요금 : 기본요금 2km 700원+주행요금 km당 100원· 권역외요금 : 기본요금 2km 700원+주행요금 700m당 100원· 통행료 및 주차료 등 : 이용자 부담· 대기료 : 권역외 30분당 2,500원(1시간 무료), 전라북도 외 30분당 2,500원(2시간 무료)",순창군청,063-650-1338,2021.9.30,4770000,전라북도 순창군
의성군교통약자이동지원센터,경상북도 의성군 의성읍 잔보들길 130,경상북도 의성군 의성읍 철파리 418-6,36.3594974,128.6801537,4,그랜드카니발+올뉴카니발,4,0,054-833-2979,http://cafe.daum.net/1447--,,9:00,18:00,9:00,18:00,9:00,18:00,9:00,18:00,7일,이용고객이차량을예약하고비장애인만승차시키는경우+보호자의 동반탑승은 최초 탑승시 같이 동승하여야하며 중도에 보호자만 개별적으로 승하차하는경우+차량이용후요금납부를 거부하는 경우+상습적으로 차량예약을 취소하는경우,의성군 전지역,경상북도+대구광역시,1~2급장애인+3급장애인중 65세이상인자또는 대중교통 이용이 어려운자+임산부,"의성군관내지역 기본요금 1,300원(5km까지)5km초과시 1km당200원추가 한도5,000원+경상북도와대구광역시 행선지구간별 시외버스요금의 2배(의성,안계버스터미널요금기준)",경상북도 의성군청,054-830-6251,2021.9.30,5150000,경상북도 의성군
대전교통약자이동지원센터,대전광역시 중구 대종로373,대전광역시 중구 부사동 209-1,36.317337,127.4280138,86,특장차(특별교통수단),81,5,042-612-1010,www.djcall.or.kr,대전교통약자이동지원센터,6:00,11:00,7:00,21:30,6:00,23:00,7:00,22:00,바로콜방식(야간차량만 당일에 예약),"1개월의 범위 내에서 이용 제한+차량 도착 후 이용을 취소한 경우가 월 3회 이상인 경우+차량 배차 후 취소한 경우가 월 6회 이상인 경우+상담원, 운전원에게 폭행, 폭언, 성추행, 성희롱 등의 행위를 한 경우+운전에 방해를 준 적이 있는 이용대상자로서 상담원 또는 운전원이 보호자의 동승이 필요하다고 요구 했음에도 동승하지 않은 경우+중도에 보호자만 개별적으로 탑승하거나 하차하는 경우+콜센터에 이용신청 없이 운전원에게 직접 연락하여 차량을 이용",대전 전지역,공주+논산+계룡+청주+금산+옥천+세종,보행상장애인으로서 장애의 정도가 심한 사람+휠체어를 이용하는 65세 이상 노약자+대전광역시에 주민등록을 둔 임산부(임신 중이거나 출산 후 6개월 미만)+일시적 휠체어 이용자,"요금산정방식: 시간거리요금 병산제 / 기본요금 3km 1,000원 / 440m당 100원, 107초당 100원",대전복지재단,042-331-8905,2021.10.26,6300000,대전광역시
경상남도특별교통수단콜센터,경상남도 창원시 의창구 우곡로 209(명서동),경상남도 창원시 의창구 명서동 209-3,35.2396723,128.6475949,327,"스타렉스, 카니발",186,141,1566-4488,없음,,21:00,23:59,21:00,23:59,0:00,23:59,0:00,23:59,1일,,관내,경남 전역,1~2급+65세 이상 노약자+임산부,관내 시내버스요금의 2배 이내,경상남도,055-211-4385,2021.9.30,6480000,경상남도
경북광역이동지원센터,경상북도 구미시 산책길 33-4,경상북도 구미시 원평동 468,36.12375,128.332153,17,스타렉스+카니발,17,0,1899-7770,예약안됨,,0:00,0:00,0:00,0:00,8:00,20:00,8:00,18:00,이용일3일전~1일전까지,,구미시전역,경북 내+대구광역시+김천구미KTX역(병원목적시),심한장애중 보행상장애인+임산부+65세이상(대중교통이용어렵다는 진단서제출),"기본1,300원추가1km당300원",구미시청,054-480-2906,2021.10.27,5080000,경상북도 구미시
영동군 지체장애인협회,충청북도 영동군 영동읍 반곡동길 8,,36.16913213,127.7758462,2,그랜드 스타렉스,0,2,043-744-2220,해당없음,해당없음,9:00,18:00,0:00,0:00,9:00,18:00,0:00,0:00,연중,해당없음,관내 전체지역,"대전, 김천 청주, 무주",등록된장애인(보행장애),요금 기준표 참고,영동군 지체장애인협회,043-744-2220,2021.10.20,4440000,충청북도 영동군
영동군 생활이동지원센터,충청북도 영동군 영동읍 반곡동길 8,,36.16913213,127.7758462,1,그랜드 스타렉스,1,0,043-743-7803,해당없음,해당없음,9:00,18:00,0:00,0:00,9:00,18:00,0:00,0:00,연중,해당없음,관내 전체지역,"대전, 김천 청주, 무주",등록된장애인(시각장애),요금 기준표 참고,영동군 생활이동지원센터,043-743-7803,2021.10.20,4440000,충청북도 영동군
동해시교통약자이동지원센터,강원도 동해시 송정로 34,강원도 동해시 송정동 834-1,37.49705665,129.1266705,9,카니발,8,1,1577-2014,해당없음,즉시콜,7:00,18:00,7:00,18:00,7:00,23:59,7:00,23:59,7일,,동해시,강원도 내,보생상 심한 장애인으로 대중교통 이용이 어려운자+65세이상+임산부+일시적 휠체어 이용자로 대중교통 이용이 어려운자 등,"기본 4km까지 1,100원+4km 초과부터 km당 100원 추가+관외이동 시 대기료 1시간까지 무료+초과 시 30분 당 2,000원",강원도 동해시,033-521-0995,2021.10.22,4210000,강원도 동해시
장수군 이동지원센터,전라북도 장수군 장수읍 신천로 79,전라북도 장수군 장수읍 노하리 376,35.65392867,127.517936,3,카니발,3,0,063-227-0002,http://www.0632270002.com/view/index.do,전라북도 광역이동지원센터 승객용앱,0:00,23:59,0:00,23:59,9:00,23:59,9:00,23:59,7일 전,○ 당일 즉시 이용고객 또는 예약자로서 차량 도착 후 이용 취소한 자 : 당일 이용제한○차량 도착 후 10분 이내에 승차하지 않은 경우가 3회 이상인 자 : 10일 이용제한 ○ 예약시간으로부터 1시간 이내 예약취소가 3회 이상인 자 : 1개월 이용제한○ 이용신청 없이 운전원과 직접 연락하여 차량을 이용한 자 : 1개월 이용제한 ○무임승차가 2회 이상인 자 : 1개월 이용제한 ○ 이용객과 동반할 목적이 아닌 일반인의 동승 및 중도 하차 요구자 :,전 지역,전국,"○ 장애의 정도가 ’’심한 장애인’’ 중 대중교통 이용이 어려운 자(보행상 장애인)○ 65세 이상으로 대중교통 이용이 어려운 자 ○ 대중교통 이용이 어려운 임산부, 일시적 휠체어 이용자○이용대상자를 동반하는 가족 및 보호자","○권역내 - 기본요금 700원(2km) , 주행요금 100원(km당)/ 최대 2,000원 부과○권역외 - 기본요금 700원(2km) , 주행요금 100원(km당) / 최대 시외버스 시외버스 요금 2배 부과",장수군청,063-350-2567,2021.8.26,4750000,전라북도 장수군
해남군교통약자이동지원센터,전라남도 해남군 해남읍 중앙1로 40,전라남도 해남군 해남읍 구교리 423-5,34.57099,126.605043,7,카니발,7,0,1899-1110,없음,없음,0:00,23:59,0:00,23:59,0:00,23:59,0:00,23:59,1일전,없음,해남군,광주광역시+전남전지역,대중교통 이용이 어려운 보행상 장애인,기본요금 2km까지 500원+이후요금1km당 100원 / 시내외 버스요금 상한,해남군,061-530-5369,2021.8.1,4930000,전라남도 해남군
홍성군장애인생활이동지원센터,충청남도 홍성군 홍성읍 조양로33번길 17,충청남도 홍성군 홍성읍 옥암리 62-8,36.59770889,126.6558164,9,승합차,0,0,041-633-6315,-,,8:00,18:00,0:00,0:00,8:00,20:00,9:00,18:00,"관내:1일전, 관외:3일전",,홍성군전지역,충남지역,홍성군등록장애인,차량이용요금표 기준,홍성군장애인생활이동지원센터,041-631-2616,2021.7.31,4600000,충청남도 홍성군
서산시교통약자이동지원센터,"충청남도 서산시 안견로 252, 4층","충청남도 서산시 동문동 985-1 ,4층",36.77801054,126.4554934,981,스타렉스(7대)카니발(2대),9,0,1644-5588,전화예약 및 앱예약,충남 광역이동지원센터 이용자용 앱,8:00,19:00,9:00,13:00,8:00,19:00,9:00,13:00,관내: 즉시관외: 7~2일전,"1. 폭언, 폭행,성희롱 등으로 피해를 가한 경우2. 가족 또는 보호자인 동반자가 1인을 초과한 경우",서산관내 전부,"충청남도 내 및 서울,인천 경기 대학병원","1. 「장애인복지법 시행규칙」제28조제1항에 따른 보행상의 장애인으로서 (장애의 정도가 심한 장애인) 버스,지하철 등의 이용이 어려운 사람2. 65세 이상의 사람으로서 버스, 지하철 등의 이용이 어려운사람3.임산부4.일시적으로 보장구를 이용하는 등 대중교통수단을 이용하기 어려운사람","1. 관내기본료: 1,400원(2km)/km당 130원(최대 요금: 2,800원)2. 관외km당 260원(대기료 2,000원/30분당)",서산시교통약자 이동지원센터충남 광역 이동지원센터,041-665-1111,2021.7.19,4530000,충청남도 서산시
교통약자이동지원센터,전라남도 순천시 용당둑길 127,전라남도 순천시 조곡동 666-1,34.9602261,127.4895347,22,"그랜드카니발(21), 스타렉스(1)",21,1,061-751-8181,-,전남광역콜 앱,0:00,0:00,0:00,0:00,0:00,0:00,0:00,0:00,1일전,,순천시 일원,"광주, 전남권","1.「장애인복지법 시행규칙」제28조제1항에 따른 보행상의 장애인으로서 같은 규칙 별표 1에 따른 장애의 정도가 심한 장애인으로서 버스·지하철 등의 이용이 어려운 사람2. 65세 이상의 사람으로서 버스 등의 이용이 어려운 사람3.「국가유공자 등 예우 및 지원에 관한 법률 시행령」별표 3에 따른 상이등급에 해당하는 자 중 2급 이상의 상이등급에 해당하는 사람으로서 버스 등의 이용이 어려운 사람4. 임산부, 사고·질병 등으로 인한 일시적 장애로 버스 등의 이용이 어려운 사람5. 제1호부터 제4호까지에 해당하는 사람을 동반하는 가족 및 보호자(2인 이내)","1. 기본요금(2km까지) : 500원2. 이후요금(1km마다) : 100원 ※ 상한액 : (관내) 시내버스 요금, (관외) 시외버스 요금3. 할증요금(00:00~04:00) : 100할증 ※ 상한액 : (관내) 시내버스 요금 2배, (관외) 시외버스 요금 2배",순천시 교통과,061-749-5900,2021.7.31,4820000,전라남도 순천시
강원도교통약자광역이동지원센터,강원도 춘천시 중앙로1,강원도 춘천시 봉의동 15,37.88007265,127.7279085,4,카니발,4,4,1577-2014,http://call.gwd.go.kr/main.do,,9:00,18:00,9:00,18:00,9:00,18:00,0:00,0:00,7일,관외는 병원목적,태백시,강원도,1. 「장애인복지법 시행규칙」제2조제1항에 따라 제1급 또는 제2급 장애인으로서 버스 등의 이용이 어려운 자 <개정 2013.07.05>2. 65세 이상의 자로서 버스 등의 이용이 어려운 자3. 일시적으로 휠체어를 이용하는 자로서 버스 등의 이용이 어려운 자4. 제1호부터 제3호까지 해당하는 교통약자를 동반하는 가족 및 보호자5. 그 밖에 특별교통수단이 필요하다고 인정되는 사람,1. 관내요금은 「여객자동차 운수사업법 시행령」제3조제2호다목에 따른 일반택시요금의 100분의 50에 해당하는 금액 이하로 한다.2. 관외요금은 해당구간의 시외버스요금의 2배를 초과할 수 없다.,태백시청,033-553-1112,2021.7.28,4220000,강원도 태백시
과천시교통약자이동지원센터,"경기도 과천시 문원로 40, 113호","경기도 과천시 문원동 31-3, 113호",37.4288073,127.0020101,6,카니발,6,0,02-502-9418,없음,없음,9:00,18:00,0:00,0:00,8:00,19:00,9:00,18:00,이용일자를 기준으로 7일전부터 1일전까지,-,과천시 전지역,"1,2차병원 및 병원이외목적 : 인접 시·군 지역(과천시청기준 반경15Km이내)  , 3차병원,환승목적 : 서울, 경기","보행상장애인기준표상 심한 정도, 65세 이상 노인장기요양 1~3급, 임산부(임산부수첩), 그외 대중교통이용이 어렵다고 증빙자료를 제출한 장애인, 고령자",유료도로 통행료 및 주차요금은 이용자 부담,경기도 과천시,02-3677-2282,2021.7.29,3970000,경기도 과천시
정읍시 행복콜택시,전라북도 정읍시 수성5로 41-11,전라북도 정읍시 수성동 1013-7,35.58500364,126.8606847,12,그랜드스타렉스+카니발+창림저상램프장애인차,11,1,063-536-9870,해당없음,,0:00,23:59,0:00,23:59,0:00,23:59,0:00,23:59,제한없음,습관적으로 예약을 취소한 사람 등,전라북도 정읍시,전라북도+장성군+광주광역시,1~2급 장애인+3급 휠체어이용자,(2km이내)1400원+(148m 또는 35초당)30원+시계외 할증20,전라북도 정읍시,063-539-5922,2022.2.9,4690000,전라북도 정읍시
익산시장애인콜택시콜센터,전라북도 익산시 번영로1길 20,전라북도 익산시 목천동 916-4,35.919194,126.9188748,21,승합,21,0,063-853-1334,해당없음,,9:00,18:00,9:00,18:00,9:00,22:00,9:00,18:00,1일,,전지역,전라북도 전지역,1-2급등록장애인휠체어이용자+동반보호자,기본운임(2km까지) 1400원,전라북도 익산시,063-859-5565,2022.3.8,4680000,전라북도 익산시
광양시 교통약자이동지원센터,전라남도 광양시 광양읍 남등1길 72-4,,34.9754338,127.5782601,10,카니발+스타렉스,8,2,1899-1100,해당없음,즉시콜,0:00,23:59,0:00,23:59,0:00,23:59,0:00,23:59,1일,,전라남도 전지역,전라남도 전지역,"장애의 정도가 심한 보행상의 장애인, 노약자, 임산부 등",기본 500원(2km)+거리요금100원(1km)* 상한액: 시내·시외버스 요금,전라남도 광양시청,061-797-2865,2022.2.10,4840000,전라남도 광양시
보령시도로교통과,,충청남도 보령시 명천동 1022,36.34508656,126.6010488,10,카니발,7,3,041-933-3517,해당없음,,8:00,19:00,9:00,18:00,8:00,21:00,9:00,21:00,없음,없음,보령시,서울+천안+익산,"보행상 장애인 중 심한장애인 및 일시적으로 보행이 어려운 자, 65세 이상 노인 중 보행이 어려운 자",기본요금 2km까지 1600원+이후요금 160m당 130원,충청남도 보령시청,041-930-3961,2022.4.6,4510000,충청남도 보령시
남해군교통약자이동지원센터,경상남도 남해군 남해읍 선소로75번길 87-22,경상남도 남해군 남해읍 차산리 639,34.84954976,127.9088757,7,스타렉스+카니발,2,5,1566-4488,해당없음,해당없음,7:00,22:00,8:00,19:00,7:00,22:00,8:00,19:00,없음,없음,남해군,경남전지역+부산,"기존 1~2급 장애인, 장애의 정도가 심한 보행상 장애인65세이상 고령자임산부일시적으로 휠체어 이용하는 자",(관내 기본요금) 2km까지 1000원 (관내 2km 초과 시) 기본요금 1000원 외 1km당 50원 추가+최대2000원+(관외) 시외버스요금 1.5배,경상남도 남해군청,055-860-3455,2022.3.29,5430000,경상남도 남해군
남양주시교통약자이동지원센터,경기도 남양주시 진건읍 진건오남로 50 덕성빌딩 3층,경기도 남양주시 진건읍 용정리 794-48 덕성빌딩 3층,37.655503,127.179231,57,올뉴카니발(슬로프형),57,0,1666-5525,http://dreamcall.nyj.go.kr/,경기도광역이동지원,9:00,21:00,7:00,16:00,0:00,23:59,0:00,23:59,2일전 : 병원+재활+통학(학교) 목적에 한함 1일전 : 일반목적,,전역,서울+경기+인천,보행상의 장애인으로서 장애의 정도가 심한 장애인+장애의 정도가 심하지 않은 장애인 중 휠체어 이용자+65세 이상으로 버스+지하철 이용이 어려운 휠체어 이용자 (진단서 등 증빙자료 사전 제출자에 한함)·통학목적(초·중·고등학교)으로 관내 및 인접지역 통행이 어려운 휠체어 이용자+국가유공자 상이등급 1~3급 중 휠체어 이용자+「장애인 복지법 시행규칙」 개정 전(‘19.7.1.) 제2조에 따른 장애인 1~2급+3~6급(휠체어이용자),(기본요금 관내) 시내버스 현금요금 동일 1500+(기본요금 관외) 직행좌석버스 현금요금 동일 2900+(초과요금 관내) 10km 초과 5km마다 100 (최대 700)+(초과요금 관외) 30km 초과 5km마다 100,경기도 남양주시청 철도교통과,031-590-4717,2022.3.1,3990000,경기도 남양주시
한국교통장애인협회 청도군지회,경상북도 청도군 청도읍 월곡2길 15,경상북도 청도군 청도읍 월곡리 300-12,35.62840732,128.7591562,3,슬로프형(카니발),3,0,1899-7770,http://www.brmcall.co.kr/,,9:00,18:00,0:00,0:00,8:00,20:00,8:00,20:00,"사전 및 당일 가능, 주말운행신청은 평일사전예약, 일요일 미운행",,관내전역,경북,중증장애인+고령자중거동불편+임산부,"2km까지 1,200원+2km초과 10km까지 1km당300원+10km초과 1km당100원",청도군 새마을괴,054-370-6252,2020.6.30,5190000,경상북도 청도군
(사)전남장애인총연합회 강진군지부,전라남도 강진군 강진읍 시장길 17-14,,34.64034375,126.7741157,2,승합,2,0,1899-1110,0,,9:00,18:00,9:00,18:00,9:00,18:00,9:00,18:00,7일,,,,"1급,2급장애인, 65세 이상 대중교통 이용불가자",예약접수전화로 문의,강진군청,061-430-3944,2021.2.22,4920000,전라남도 강진군
경북광역이동지원센터,경상북도 경산시 화랑로 13,,35.81721215,128.7682761,21,스타렉스+카니발,21,0,1899-7770,www.brmcall.co.kr,,10:00,18:00,10:00,17:00,0:00,23:59,0:00,23:59,2일전,,경산시 관내,경상북도+대구,"1급 또는 2급 장애인/중증+65세 이상으로 대중교통의 이용이 어렵고 하지에 장애가 있어 혼자 거동이 어려운 사람(진단서 첨부)+사고,질병등 휠체어 이용으로 대중교통이 어려운 사람 (진단서 첨부)",기본요금 5km까지 1100원+추가요금 1km당 200원+(한도요금 경산에서 대구 2200원),경산시청,053-810-5235,2021.6.14,5130000,경상북도 경산시
의정부시 시설관리공단 이동지원센터,경기도 의정부시 체육로 90,경기도 의정부시 녹양동 174-1,37.75793498,127.0316068,39,카니발,39,0,031-826-2515,https://www.siseol.or.kr/happycall,없음,7:00,22:00,7:00,22:00,0:00,23:59,0:00,23:59,2일,,,,장애의 정도가 심한 장애인으로 보행상 장애가 증명된 자 + 장애의 정도가 심한 장애인으로 보행상 장애가 없을시 대중교통 이용제약 여부와 제약기간이 표시된 유효기간 3개월 이내 전문의 진단서 제출 + 상이등급 1급 · 2급 + 장애인 등급제 개편전 1급 · 2급 장애인 중 의정부시 이동지원센터에 등록한 자,"10km이내 : 1,500원, 10km초과 5km당 100원",의정부시,031-828-4783,2021.6.2,3820000,경기도 의정부시
수원시교통약자이동지원센터,경기도 수원시 권선구 정조로 310,경기도 수원시 권선구 대황교동 253,37.23777723,127.018347,90,카니발+스타렉스,90,0,031-253-5525,https://www.suwonudc.co.kr/swcall/mainPage.do,,0:00,0:00,0:00,0:00,0:00,0:00,0:00,0:00,이용일 1일 전 부터 이용당일 2시간 전까지 (단 토일공휴일 및 월요일 예약은 전주 금요일부터 예약 가능),1일 4회(편도기준)  단 병원치료 목적에 한하여 왕복1회 추가,수원시 전체,서울+경기+인천,- 장애정도가 심한 장애인- 장애의 정도가 심하지 않은 장애인 중 종합병원에서 대중교통수단의 이용이 어렵다는 진단서를 제출한 사람- 65세 이상 장기요양인정 1급~3급에 해당하는 사람- 임산부로서 대중교통수단의 이용이 어렵다는 진단서를 제출한 사람- 상이등급 3급 이상에 해당하는 사람- 관내 병원에서 한 달 이상 입원중인 휠체어 이용자 중 입퇴원확인서와 휠체어 이용중이라는 진단서를 제출한 사람- 외국인,관내지역(수원)기본요금 1250원+관외지역 기본요금 1250원외 5Km당 100원  추가+고속도로(유료도로)통행료는 이용자 부담,수원시,031-228-3323,2021.6.2,3740000,경기도 수원시
단양군사회복지협의회,충청북도 단양군 단양읍 수변로83,충청북도 단양군 단양읍 별곡리 307,36.98284257,128.3707522,3,오텍그랜드스타렉스,3,0,043-422-1700,해당없음,,9:00,18:00,0:00,0:00,9:00,18:00,9:00,13:00,1일전,해당없음,단양군 전체,병원 이용시 제천+원주 등 관외 운행,만65세이상 고령자+장애의 정도가 심한 장애인+혼자서 외출과 이동이 곤란하다고 인정되는 자+교통약자를 동반하는 가족 및 보호자,(관내 기본거리 5km까지)1500원+(30km까지 추가)1km당 300원+(30km이후)추가 1km당 600원,충청북도 단양군청,043-420-2492,2022.4.8,4480000,충청북도 단양군
시흥시 교통약자이동지원센터(희망네바퀴),,경기도 시흥시 군자동 67-3,37.36380551,126.8067298,32,카니발,32,0,1522-3650,-,-,7:00,21:00,7:00,19:00,7:00,21:00,7:00,19:00,24시간 운영원칙+심야운행시 2일전 사전예약 필수,"다음 제한사항의 각 호에 해당할 경우 동기와 횟수 등을 참작하여 당일 이용제한 및 1개월의 범위 내에서 이용을 제한할 수 있다.+1. 휠체어 1대를 초과하여 승차를 요구할 경우(접었을 경우 2대 가능)+2. 휠체어 이용자 1인을 포함한 4인(비휠체어 이용시 3인) 초과 승차를 요구할 경우+3. 복지카드, 진단서 사본, 진료카드를 제시하지 않는 경우+4. 상담원 및 운전원의 정당한 요구 및 안내에 불응하는 경우+5. 상담원 및 운전원에게 욕설이나",시흥시 전지역,수도권 전지역,"다음 제한사항의 각 호에 해당할 경우 동기와 횟수 등을 참작하여 당일 이용제한 및 1개월의 범위 내에서 이용을 제한할 수 있다.+1. 휠체어 1대를 초과하여 승차를 요구할 경우(접었을 경우 2대 가능)+2. 휠체어 이용자 1인을 포함한 4인(비휠체어 이용시 3인) 초과 승차를 요구할 경우+3. 복지카드, 진단서 사본, 진료카드를 제시하지 않는 경우+4. 상담원 및 운전원의 정당한 요구 및 안내에 불응하는 경우+5. 상담원 및 운전원에게 욕설이나 폭행을 하는 경우+6. 이동지원센터 및 특별교통수단의 기물을 손괴한 경우+7. 특정 차량 및 운전자의 지정을 요구하는 경우+8. 음주 후 이용하는 경우+9. 차량 출발이나 차량 도착 후 이용을 취소한 경우+10. 화물 운송 등의 목적으로 이용하는 경우+11. 이용대상자가 아닌 사람을 부정하게 이용할 수 있도록 돕거나 방치한 경우","기본요금 1,200원(10Km)+ 5Km 초과당 100원 추가+고속도로(유료도로)통행료 및 주차료는 이용자 부담",시흥도시공사,031-488-6910,2021.6.1,4010000,경기도 시흥시
착한수레,경기도 안양시 동안구 평촌대로 389,경기도 안양시 동안구 비산동 1023,37.40629131,126.9487366,38,스타렉스+카니발,38,0,031-389-5200,해당없음,,8:00,18:00,9:00,18:00,6:00,22:00,7:00,20:00,1일전,당일취소 월3회 이상,안양+군포+의왕+과천,수도권전역,심한 장애인으로서 보행상 장애인  장기요양 1~5급(휠체어 등 이용자)  보행상 장애로 인해 휠체어를 이용하는 만65세 이상 노약자 -일시적 장애(깁스 등)  임산부(산모수첩 소지자),"관내 1,200원+관외 1,200원 외 1km당 100원",안양도시공사,031-389-5363,2021.11.12,3830000,경기도 안양시
전남지체장애인협회 영암군지회,전라남도 영암군 영암읍 영암로 1527,전라남도 영암군 영암읍 교동리 50-2,34.79496124,126.6969605,6,승합(중형),6,0,1899-1110,해당없음,,10:00,18:00,10:00,18:00,8:00,18:00,8:00,17:00,전일,,영암군,전라남도+광주,"「장애인복지법 시행규칙」제2조제1항에 따른 장애의 정도가 심한 장애인(「장애인복지법 시행규칙」제28조제1항에 따라 보건복지부장관이 정하는 보행상 장애가 있는 사람에 한한다)으로서 대중교통수단의 이용이 어려운 사람, 65세 이상으로서 대중교통수단의 이용이 어려운 사람임산부으로 대중교통수단의 이용이 어려운 사람일시적으로 휠체어를 이용하는 사람으로서 대중교통수단의 이용이 어려운 사람","기본요금(2Km) : 500원, 거리운임(1km) : 100원, 고속도료, 유료도로, 통행료 및 주차료 : 없음, 콜요금 : 없음, 할증요금 : 없음",전라남도 영암군청,061-470-2356,2021.11.5,4940000,전라남도 영암군
포항시교통약자이동지원센터,경상북도 포항시 남구 희망대로 810 포항종합운동장 167호,경상북도 포항시 남구 대도동 313-1번지 167호,36.008952,129.363876,30,카니발,33,0,1800-9300,http://phhpcall.phsisul.org/,동행콜,7:00,22:00,8:00,20:00,0:00,23:59,8:00,20:00,5일,,포항시,경상북도+대구광역시,장애정도가 심한 장애인으로서 대중교통 이용이 어려운 사람+65세 이상으로 대중교통 이용이 어려운 사람+일시적으로 휠체어를 이용하는 사람으로서 대중교통 이용이 어려운 사람,"관내(포항시내) 기본 5km 1,100원, 추가요금 200원/km, 한도 5,000원+관외(포항시외) 시외버스 요금의 2배(편도기준)+대기료 500원/30분(관외 병원진료 기본대기 2시간 허용)+유료도로비용 및 주차요금은 이용자 부담",포항시시설관리공단,054-280-9601,2021.11.11,5020000,경상북도 포항시
봄내콜이동지원센터,강원도 춘천시 동면 소양강로 304-11(장학리),강원도 춘천시 동면 장학리 464-1,37.91462782,127.7482765,25,카니발+K5,20,0,1544-2014,http://call.gwd.go.kr,강원도 광역 교통약자,9:00,18:00,9:00,18:00,0:00,24:00:00,0:00,24:00:00,병원목적(7일)+개인용무(1일),시설이용자는 환자의 상태에 따라 등록 및 이용제한,춘천시 전지역,강원도+서울+경기도,보행상의 장애인으로서 장애의정도가 심한 장애인+만65세이상 대중교통이용이 어려운 휠체어 이용 노인+일시적 휠체어 사용자,"4km 당 1,100원+1km 당 100원+고속도로(유료도료)통행료는 이용자부담(기초생활수급자는 면제)",강원도 춘천시청,033-250-4299,2020.12.16,4180000,강원도 춘천시
울릉택시협동조합,경상북도 울릉군 울릉읍 봉래길 250,,37.49693638,130.8971107,1,소렌토,1,0,054-791-2315,-,-,9:00,22:00,9:00,22:00,9:00,22:00,9:00,22:00,1일~7일전,주말사전예약필수,-,-,"장애인복지법 시행규칙 제2조제1항에 따른 장애인 1급 또는 2급 장애인으로서 대중교통의 이용이 어려운 사람, 일시적으로 휠체어를 이용하는 사람으로서 대중교통의 이용이 어려운 사람, 65세 이상으로 대중교통의 이용이 어려운 t람, 임산부로서 대중교통의 이용이 어려운 사람, 해당하는 교통약자를 동반하는 가족 및 보호자, 그 밖에 특별교통수단이 필요하다고 군수가 인정하는 사람",200,울릉군,054-790-6254,2020.12.31,5260000,경상북도 울릉군
광명시 교통약자이동지원센터,경기도 광명시 범안로 966,경기도 광명시 하안동 314번지,37.45727525,126.8723345,27,스타렉스 개조차+카니발 개조차,24,2,02-2610-2000,http://kmcar.gmuc.co.kr,,7:00,22:00,7:00,13:00,0:00,24:00:00,0:00,24:00:00,휠체어 이용고객 1일전비휠체어 당일예약,,광명시 전지역,구로구+금천구+양천구+영등포구+안양 관공서+시흥 관공서+안산 관공서+인천공항+김포공항+서울대형병원 16곳+부천 병원+안양 병원+ 시흥 병원+센터 반경 20km 이내 특수학교 및 대학교,"장애1,2급(뇌병변, 지적장애 3급)+장기요양등급 1~3급+일시적인 교통약자","관내지역 1,250원",광명도시공사,02-2610-2000,2020.12.14,3900000,경기도 광명시
오산시교통약자이동지원센터,경기도 오산시 경기동로 15,경기도 오산시 오산동 49,37.156843,127.0726163,17,그랜드 카니발+그랜드 스타렉스+모닝+올뉴카니발+더뉴카니발,15,0,031-378-7816,해당사항없음,해당사항없음,9:00,18:00,8:00,20:00,0:00,24:00:00,8:00,20:00,7일,예약시간 1시간 이내의 취소 변경(장소 및 시간)+예약시간부터 10분 이내 미탑승+차량동승 신청을 하지 않고 예약자 본인 외에 다른 사람과 차량을 탑승하는 경우+이용 신청일 현재 미납요금이 있는 경우+센터에 연락하지 않고 운전원에게 직접 연락하고 차량을 이용하는 경우(즉시 이용제한)+기타 차량 운행에 방해를 주는 경우(즉시 이용 제한)+상담원에게 성적 수치심을 줄수 있는 농담 인격모독 욕설을 하는 경우(즉시 이용 제한),오산시,서울시+경기도+인천공항,장애정도가 심한 장애에 해당하는 사람으로서 <보행상 장애 표준기준표>에 해당하는 사람+국가유공자 상이등급 3급 이상에 해당하는 사람+장기요양보험 수급자(1~3급)+대중교통이용이 어렵다는 진단서를 제출한 사람(상기 대상자를 제외한 장애인 또는 국가유공자+65세 이상+임산부+일시적으로 휠체어를 이용하거나 재활치료를 받는 사람),"관내: 1,300원+관외: 1,300원 + 1km당 100원씩 할증(유료도로 통행료+톨게이트 비용+유료주차장요금 등 현장에서 발생하는 비용은 고객부담)",경기도 오산시,031-8036-7717,2021.7.1,4000000,경기도 오산시
동두천시 교통약자(특별교통수단) 이동지원센터(동두천모범운전자회),경기도 동두천시 어등로58,경기도 동두천시 생연동 70-2,37.89864229,127.0691004,14,카니발+스타렉스+봉고3,12,2,031-862-1091,없음,,8:00,18:00,8:00,18:00,0:00,24:00:00,7:00,22:00,7일,,동두천시 전지역,수도권 전지역(병원진료 우선),「장애인복지법 시행규칙」 제28조제1항에 따른 보행상의 장애인으로서 같은 규칙 별표 1에 따른 장애의 정도가 심한 장애인으로서 버스ㆍ지하철 등의 이용이 어려운 사람+만65세 이상으로 대중교통의 이용이 어려운 자+임산부로서 대중교통의 이용이 어려운 자+일시적으로 휠체어를 이용하는 자로서 대중교통수단의 이용이 어려운 자+제1호부터 제4호까지의 규정에 해당하는 교통약자를 동반하는 가족 및 보호자,관내 (1000원/회)+관외(1km당/100원),동두천시청 교통행정과,031-860-2290,2021.6.30,3920000,경기도 동두천시
전남지체장애인협회담양군지회,전라남도 담양군 담양읍 천변5길 63,,35.31476994,126.9766124,3,창림저상슬로프장애인차,3,0,061-381-3100,http://kappd-jn.or.kr,,9:00,18:00,9:00,18:00,9:00,18:00,9:00,18:00,7일,,,,1~2급+휠체어 이용자,관내지역 (2km까지) 기본요금 1400원,전라남도 담양군청,061-380-3055,2021.6.29,4850000,전라남도 담양군
강남세움복지관,서울특별시 강남구 광평로60길 22,서울특별시 강남구 수서동 721,37.48698084,127.106927,3,대형승합차,0,3,02-2184-8707,www.gnseum.org,해당사항 없음,9:00,18:00,0:00,23:59,7:30,17:21,0:00,23:59,해당사항 없음,해당사항 없음,강남구 관내,해당사항 없음,장애인+노약자+임산부,0,서울특별시 강남구청,02-3423-5874,2022.3.25,3220000,서울특별시 강남구
파주시 교통약자이동지원센터,경기도 파주시 월롱면 휴암로11,경기도 파주시 위전리 598-4,37.7961277,126.7901986,36,승합(중형)+카니발 저상장애인차+다인승버스,35,1,080-699-6199,https://ggsts.gg.go.kr/front/index.do,,0:00,23:59,0:00,23:59,0:00,23:59,0:00,23:59,0일,"월 3회 이상 배차 후 취소한 경우+동승자 및 보호자 탑승인원 초과한 경우+콜센터를 통하지 않고 운전원에게 직접 연락하여 차량을 이용한 경우+직원에게 폭언 및 폭행한 경우+월 3회 이상 보호가 필요한 이용자임에도 보호자없이 탑승한 경우 +요금을 체납한 경우+청결하지 않은 물품이나 폭발성인화성 물질+캐리어 외 동물(장애인 보조견, 전용 운반상자에 넣은 애완동물은 제외) 소지하여 탑승한 경우",관내 전지역,서울+경기+인천,장애의 정도가 심한 장애인+만 65세이상으로 대중교통 이용이 어려운 사람+임산부+일시적으로 휠체어를 이용하는 사람으로서 대중교통 이용이 어려운 사람,관내: 1250원 정액제+관외: 기본요금(1250원)+5km당 100원 추가,파주도시관광공사,031-909-6341,2022.4.29,4060000,경기도 파주시
양주시교통약자이동지원센터,경기도 양주시 광적면 부흥로618번길 303,경기도 양주시 광적면 광석리 132,37.81249951,126.9723084,23,스타렉스+카니발,23,0,031-861-9977,해당없음,양주시 교통약자 스마트앱,9:00,18:00,0:00,0:00,7:00,23:00,8:00,21:00,이용예정일 2일전부터,,관내 전지역,공항+경기북부+서울(병원진료시)+도봉산역 환승센터+수락산역+구파발역,장애의 정도가 심한 장애인 중 보행상 장애인+65세 이상 대중교통 이용이 어려운 사람(진단서)+임산부(산모수첩) 등,(기본요금) 10Km이내 1200원+(거리요금)기본요금 외 10Km 초과 시 5Km마다 100원 추가+유료도로 및 주차요금 이용자 부담,경기도 양주시청 대중교통과,031-8082-6602,2022.4.21,5590000,경기도 양주시
단양군장애인생활이동지원센터,충청북도 단양군 단양읍 별곡5길5 (3층),충청북도 단양군 단양읍 별곡리 319,36.98530043,128.3686533,2,스타렉스2대,0,0,043-421-7788,해당없음,,9:00,18:00,0:00,0:00,9:00,18:00,0:00,0:00,3일 전,복지카드 미소지자+등록 장애인이 아닌 경우+본인 포함 3명까지 탑승 가능,단양군 전체,전지역,등록장애인,(관내 기본거리)10km 1500원+(관내10km초과 시)10km 당 1500원+(관외 기본거리 30km)4500원+(관외 30km 초과)1km당 600원,충청북도 단양군청,043-420-2133,2022.4.8,4480000,충청북도 단양군
단양군장애인단체연합회,충청북도 단양군 단양읍 별곡5길5 (3층),충청북도 단양군 단양읍 별곡리 319,36.98530043,128.3686533,1,스타렉스,0,1,043-423-1776,해당없음,,9:00,18:00,0:00,0:00,9:00,18:00,0:00,0:00,시내 1일전+시외 1주일 전,복지카드미소지자+출발도착지 단양군아닌경우+장애인이 아닌경우+2회 요금미납자,단양군 전체,전지역,단양군내 거주하는 등록장애인,"(관내 기본거리 10km)1500원+(관내10km초과 시)10km 당 1500원+(관외 기본거리 30km)4500원,+(관외30km 초과 시)1km당 600원+(1일 임대 8시간)90000원+대기료(40분 무료, 20분당 1500원)+주차 이용자부담+톨비 이용자부담",충청북도 단양군청,043-420-2134,2022.4.8,4480000,충청북도 단양군
군포시 교통약자 이동지원센터,경기도 군포시 공단로 30,경기도 군포시 금정동 689-59,37.34847646,126.9503025,23,그랜드카니발,23,0,1899-4428,https://bokjicall.gunpouc.or.kr,군포시 교통약자 이동지원센터,6:00,22:00,0:00,0:00,0:00,23:59,0:00,23:59,2일전,복지카드(신분증)등 증빙서의 제시 또는 관련 서류의 제출을 거부한 경우실제 탑승인과 복지카드(신분증) 및 증빙서의 이용 대상자가 다를 경우보호자 없이 탑승 시 안전상의 문제가 발생할 수 있다고 판단되는 경우기타 이에 준하는 상황이 발생하여 운행할 수 없다고 판단하는 경우,안양+의왕,서울+경기+인천,장애인 : 장애정도가 심한 장애인+고령자 : 노인장기요양 전체 등급으로 노인장기요양인정서를 소지하며 대중교통이용이 어려운 시민+임산부 : 산모수첩을 소지한 임산부 또는 출산 후 6개월까지 시민,10km 1200원,군포도시공사,1899-4428,2022.4.21,4020000,경기도 군포시
고창군교통약자이동지원센터,전라북도 고창군 고창읍 월곡14길 19,전라북도 고창군 고창읍 월곡리 620,35.43762073,126.7129638,6,카니발+스타렉스,5,1,063-561-2338,0632270002.com,전라북도 광역이동지원센터,0:00,0:00,0:00,0:00,6:00,22:00,8:00,18:00,1일전,,전지역,전라북도,장애의정도가 심한 장애인 중 대중교통 이용이 어려운 자(보행상 장애인),일반택시요금의 50,고창군청,063-560-2573,2020.11.30,4780000,전라북도 고창군
교통편의관리소,경상남도 창원시 성산구 원이대로 450,경상남도 창원시 성산구 중앙동 1,35.23400713,128.6647354,107,"스타렉스100대, 카니발 7대",83,24,1566-4488,-,,0:00,0:00,0:00,0:00,0:00,0:00,0:00,0:00,1,"당일 즉시 이용자 또는 예약자로서 차량 도착 후 이용 취소차량 도착 후 30분 이내에 승차하지 않은 경우가 3회 이상예약시간으로부터 1시간 이내 예약 취소가 3회 이상이용신청 없이 운전원과 직접 연락하여 치량을 이용무임승차가 2회 이상인 경우교통약자와 동반할 목적이 아닌 일반인의 동승 및 중도 하차 요구치료 목적 이외에 사적인 용무로 경상남도를 벗어난 자상담원, 운전원에 대한 욕설, 폭언,폭행, 성적 희롱 2회 이상의도적으로 특별교통수단 운행을",창원 전역,"밀양시,김해시,진주시통영시,사천시,거제시양산시,창녕군,의령군함안군,고성군,남해군하동군,산청군,함양군거창군,합천군,김해공항부산광역시","창원시를 방문한 교통약자(출발이나 도착하는 곳이 창원시인 경우)장애1급,2급65세이상,임산부(대중교통 이용이 어렵다는 의사소견서 지참 시 이용가능)일시적 휠체어 이용자","기초수급자(1,000원 정액제)시내구간 이용요금(1,500원 정액제-시내버스요금 인상 시 연동 적용)시외구간 이용요금밀양시(6,900원), 김해시(3,800원), 진주시(5,900원), 통영시(9.900원), 사천시(6,300원), 거제시(13,700원), 양산시(5,100원), 창녕군(4,400원), 의령군(4,600원), 함안군(2,700원), 고성군(7,600원), 남해군(11,000원), 하동군(11,800원), 산청군(10,600원), 함양군(13,700원), 거창군(15,000원), 합천군(10,300원), 김해공항(5,400원), 부산광역시(6,700원)",창원시,055-225-4314,2020.12.2,B553892,창원시설공단
태안군 교통약자 이동지원센터,충청남도 태안군 태안읍 후곡로 83,,36.74591186,126.3018915,2,카니발,2,1,041-673-1040,N,N,9:00,17:20,0:00,0:00,9:00,17:50,0:00,0:00,15일,중증환자,서산시+태안군,태안군 외 지역,중증장애 1~2급+영유아+노약자,"기본요금 1.5km 1,000원+거리요금(140m당) 50원+시간요금(3초) 50원+관외(4시간) 40,000원+관외(8시간) 80,000원",태안군,041-670-2808,2020.12.1,4620000,충청남도 태안군
전남지체장애인협회 화순군지회,전라남도 화순군 화순읍 부처샘길 5-11,,35.0677473,126.991519,3,카니발,3,0,1899-1110,https://hwasun.go.kr,,8:00,19:00,8:00,17:00,8:00,19:00,8:00,17:00,연중,없음,관내 전읍면,광주광역시+ 나주시,1~2급 지체장애인+1~5급시각장애인,기본요금 500원,전라남도 화순군,061-379-3784,2020.12.18,4900000,전라남도 화순군
영양군교통약자이동지원센터　,경상북도 영양군 영양읍 동서대로 90 (종합복지회관 3층),,36.66192436,129.1186857,3,스타렉스+카니발,3,0,1899-7770,http://www.brmcall.co.kr,,0:00,0:00,0:00,0:00,7:00,18:00,9:00,18:00,5일　,사항 등을 참작하여 3개월 내에서 이용을 제한,영양군 전지역,경상북도+대구광역시,심한 장애인 및 65세이상노약자(의사소견첨부) 회원등록자+교통약자를 동반하는 가족 및 보호자(2명내),관내(시내버스요금)+관외(시외버스요금)+고속도로(유료도로)통행료는 이용자 부담(왕복통행료),영양군,054-680-6740,2020.11.12,5170000,경상북도 영양군
아산시 특별교통수단이동지원센터,"충청남도 아산시 시민로457번길 31, 동우빌딩 2층",충청남도 아산시 온천동 1411,36.7887274,126.998424,25,승합,21,4,1644-5588,해당없음,해당없음,7:00,23:59,7:00,21:00,7:00,23:59,7:00,21:00,관내 불가 / 관외 최대 2일 전,"장애인(3급 하지장애 외, 4급~), 65세이상 대중교통이용 가능한자",아산시 전역,충청남도 전역,"- 1·2급 장애인, 뇌병변·지체 3급 장애인 중 대중교통 이용이 불편한 자 - 만65세 이상 고령자 중 대중교통 이용이 불편한자-  임산부,일시적 교통약자(대중교통 이용이 불편한자)","기본요금 700원(2km까지), 추가요금 130원(1km당) / 관외 260원(1km) / 관외 대기 30분당 2,000원",아산장애인단체연합회,041-540-1506,2020.11.3,4520000,충청남도 아산시
교통약자이동지원센터,전라북도 부안군 부안읍 오리정로 89,전라북도 부안군 부안읍 서외리 536-15,35.7233599,126.7317745,5,카니발,5,0,063-583-1010,없음,없음,8:00,18:00,0:00,0:00,8:00,22:00,9:00,18:00,하루전까지,,관내(부안군),전국,1급 또는 2급+65세이상+국가유공상이자+일시적휠체어,거리요금 148m당 30원,부안군청,063-580-4539,2021.6.21,4790000,전라북도 부안군
장애인콜택시,전라북도 완주군 봉동읍 봉동동서로 89,전라북도 완주군 봉동읍 장기리 285-5,35.93733633,127.1620975,10,스타렉스+카니발,10,0,063-227-0002,http://0632270002.com,,9:00,18:00,9:00,18:00,0:00,0:00,8:00,20:00,7일전부터 전일 17시까지,무단취소3회이상+음주자+폭언+폭행+기타운전방해자,완주군전지역,전북도내 및 전국,"장애의정도가 심한 장애인 중 보행상 장애인, 65세 이상으로 대중교통 이용이 어려운 자, 임산부 및 일시적 휠체어 사용자","기본2km까지1400원, 권역 내 최대 2,000원 요금상한제 적용",완주군청,063-290-2803,2021.6.18,4720000,전라북도 완주군
천안시 교통약자이동지원센터,충청남도 천안시 동남구 다가말2길 104,충청남도 천안시 동남구 다가동 405-6,36.7979991,127.1431034,31,카니발+스타렉스,31,0,1644-5588,없음,없음,0:00,23:59,0:00,23:59,0:00,23:59,0:00,23:59,2일전,"1. 이용고객의 차량을 예약하고 비장애인만 승차 시키는 경우2. 장애등급을 허위 고지하여 우선배차를 받는 등 부정 탑승 행위를 한 경우 3. 운전에 방해를 줄 수 있는 고객 탑승 시 보호자가 동승하지 않는 경우4. 교통약자를 위한 보호자의 동반 탑승은 최초 탑승 시부터 최종 목적지까지 같이 동승하여 타고 내려야 하며, 중도에 보호자만 개별적으로 타고 내리는 경우5. 장애인 보조견을 제외한 운전에 방해를 줄 수 있는 애완동물 및 폭발성, 인화성 ",천안시,충청남도,"교통약자법 시행규칙 제6조에 해당되는 사람, 임신부, 일시적장애인","관내 기본요금 1000원(2km), km당 130원",충남지체장애인협회 천안시지부,041-558-0010,2021.6.16,6440000,충청남도
공주시 교통약자이동지원센터,"충청남도 공주시 의당면 의당로 257, 장애인복지센터 203호",충청남도 공주시 의당면 청룡리 903,36.49366156,127.1356957,10,카니발+스타렉스,10,0,1644-5588,없음,없음,0:00,23:59,0:00,23:59,9:00,16:00,9:00,15:00,2일전,없음,공주시,충청남도,교통약자법 시행규칙 제6조에 해당되는 사람,"관내 기본요금 1000원(2km), km당 130원",충남지체장애인협회 공주시지부,041-852-5858,2021.6.16,6440000,충청남도
보령시 교통약자이동지원센터,"충청남도 보령시 주공로8, 대동빌딩 3층 2호",충청남도 보령시 명천동 1037,36.34544473,126.6020154,9,카니발,6,3,1644-5588,없음,없음,0:00,23:59,0:00,23:59,7:00,21:00,9:00,16:00,2일전,없음,보령시,충청남도,"교통약자법 시행규칙 제6조에 해당되는 사람, 일시적장애인","관내 기본요금 1400원(2km), km당 130원",충남지체장애인협회 보령시지부,041-933-3517,2021.6.16,6440000,충청남도
아산시 교통약자이동지원센터,충청남도 아산시 시민로457번길 30 (2층),충청남도 아산시 온천동 1411,36.78898932,126.9978278,20,카니발+스타렉스,16,4,1644-5588,없음,없음,0:00,23:59,0:00,23:59,7:00,23:59,7:00,21:00,2일전,"장애인(3급 하지장애 외, 4급~), 65세이상 대중교통이용 가능한자",아산시,충청남도,"교통약자법 시행규칙 제6조에 해당되는 사람, 임신부, 일시적장애인","관내 기본요금 700원(2km), km당 130원",아산시장애인연합회,041-546-1509,2021.6.16,6440000,충청남도
대광택시㈜,경상남도 밀양시 부북면 밀양대로 1651,,35.47395045,128.7540292,20,승합차,20,0,1566-4488,해당없음,,0:00,23:59,0:00,23:59,0:00,23:59,0:00,23:59,N,회원제 운영 예정,밀양시 관내 일원,경상남도,회원 가입자,https://www.miryang.go.kr/web/index.do?mnNo=50306000000,㈜대광택시,055-356-3962,2021.11.5,5360000,경상남도 밀양시
서산시 교통약자이동지원센터,충청남도 서산시 오산1길 11 (2층),충청남도 서산시 오남동 16-5,36.74512191,126.4852735,8,카니발+스타렉스,8,0,1644-5588,없음,없음,0:00,23:59,0:00,23:59,9:00,16:00,9:00,13:00,2일전,,서산시,충청남도,"교통약자법 시행규칙 제7조에 해당되는 사람, 임신부, 일시적장애인","관내 기본요금 1400원(2km), km당 130원",충남지체장애인협회 서산시지부,041-665-1111,2021.6.16,6440000,충청남도
논산시 교통약자이동지원센터,충청남도 논산시 해월로 87번길 18,충청남도 논산시 부창동 274-139,36.20032028,127.0782185,10,카니발,10,0,1644-5588,없음,없음,0:00,23:59,0:00,23:59,7:00,21:00,9:00,16:00,2일전,"대중교통이용 가능한 장애의 정도가 심하지 않은 장애인, 65세이상 대중교통이용 가능한자",논산시,충청남도,교통약자법 시행규칙 제6조에 해당되는 사람,"관내 기본요금 1400원(2km), km당 130원",충남지체장애인협회 논산시지부,041-733-0337,2021.6.16,6440000,충청남도
하남시교통약자이동지원센터-나눔콜,경기도 하남시 창우로 146,경기도 하남시 창우동 224-1,37.538986,127.230067,23,스타렉스+카니발,21,2,1577-0197,해당없음,하남시교통약자이동지원센터,8:00,8:00,0:00,0:00,0:00,23:59,0:00,23:59,"평일, 2일전 아침8시부터~당일2시간전",도착후 취소시,하남시 전체,경기+서울 근거리 일대,교통약자,기본요금 10KM 당 1500원+5KM 당 100원 추가+유료도로 이용시 통행요금은 이용자 부담,경기도 하남시청 교통정책과,031-790-5016,2022.5.17,4040000,경기도 하남시
당진시 교통약자이동지원센터,충청남도 당진시 백암1길 61,충청남도 당진시 채운동 170-2,36.88724412,126.6247053,12,카니발+스타렉스,11,1,1644-5588,없음,없음,0:00,23:59,0:00,23:59,8:00,19:00,9:00,17:00,2일전,,당진시,충청남도,"교통약자법 시행규칙 제6조에 해당되는 사람, 일시적장애인","관내 기본요금 1400원(2km), km당 130원",충남지체장애인협회 당진시지부,041-358-9787,2021.6.16,6440000,충청남도
금산군 교통약자 이동지원센터,충청남도 금산군 금산읍 인삼로 232,충청남도 금산군 금산읍 신대리 490-3,36.10193265,127.5067571,3,카니발,3,0,1644-5588,없음,없음,0:00,23:59,0:00,23:59,9:00,16:00,9:00,16:00,2일전,,금산군,충청남도,"교통약자법 시행규칙 제6조에 해당되는 사람, 임신부, 일시적장애인","관내 기본요금 1000원(2km), km당 130원",충남지체장애인협회 금산군지부,041-754-9500,2021.6.16,6440000,충청남도
부여군 교통약자이동지원센터,충청남도 부여군 규암면 흥수로 816,충청남도 부여군 규암면 내리 246-3,36.27331322,126.8712187,2,카니발,2,2,1644-5588,없음,없음,0:00,23:59,0:00,23:59,9:00,16:00,9:00,16:00,2일전,,부여군,충청남도,"교통약자법 시행규칙 제6조에 해당되는 사람, 장애인임신부, 일시적장애인","관내 기본요금 1000원(2km), km당 130원",충남지체장애인협회 부여군지부,041-836-2155,2021.6.16,6440000,충청남도
서천군 교통약자이동지원센터,"충청남도 서천군 서천읍 충절로81번길 7, 청림주상복합빌딩 1층7호",충청남도 서천군 서천읍 군사리 649-2,36.07485734,126.6914297,5,카니발,0,5,1644-5588,없음,없음,0:00,23:59,0:00,23:59,9:00,16:00,9:00,16:00,2일전,없음,서천군,충청남도,"교통약자법 시행규칙 제6조에 해당되는 사람, 임신부, 일시적장애인","관내 기본요금 1300원(2km), km당 130원",충남지체장애인협회 서천군지부,041-950-4128,2021.6.16,6440000,충청남도
청양군교통약자이동지원센터,충청남도 청양군 청양읍 칠갑산로 87,충청남도 청양군 청양읍 송방리 293-1,36.44939025,126.786522,3,카니발+스타렉스,0,3,1644-5588,없음,없음,0:00,23:59,0:00,23:59,9:00,16:00,9:00,16:00,2일전,없음,청양군,충청남도,"교통약자법 시행규칙 제6조에 해당되는 사람, 임신부, 일시적장애인","관내 기본요금 1300원(2km), km당 130원",충남지체장애인협회 청양군지부,041-942-2111,2021.6.16,6440000,충청남도
홍성군 교통약자이동지원센터,충청남도 홍성군 홍성읍 조양로33번길 17,충청남도 홍성군 홍성읍 옥암리 62-8,36.59770889,126.6558164,2,승합차,0,0,1644-5588,없음,없음,0:00,23:59,0:00,23:59,8:00,20:00,9:00,16:00,2일전,-,홍성군,충청남도,교통약자법 시행규칙 제6조에 해당되는 사람,"관내 기본요금 1300원(2km), km당 130원",충남지체장애인협회 홍성군지부,041-634-0026,2021.6.16,6440000,충청남도
예산군 교통약자이동지원센터,충청남도 예산군 예산읍 벚꽃로 155번길 10,"충청남도 예산군 예산읍 발연리 85-5, 예산군사랑채 105호",36.69471087,126.8353696,6,카니발,6,0,1644-5588,없음,없음,0:00,23:59,0:00,23:59,9:00,16:00,9:00,16:00,2일전,,예산군,충청남도,"교통약자법 시행규칙 제6조에 해당되는 사람, 임신부, 일시적장애인","관내 기본요금 1000원(2km), km당 130원",충남지체장애인협회 예산군지부,041-335-3330,2021.6.16,6440000,충청남도
태안군 교통약자 이동지원센터,충청남도 태안군 태안읍 후곡로 83,충청남도 태안군 태안읍 남문리 712-13,36.74591186,126.3018915,2,카니발,2,0,1644-5588,없음,없음,0:00,23:59,0:00,23:59,9:00,16:00,9:00,16:00,2일전,중증환자,태안군,충청남도,"교통약자법 시행규칙 제7조에 해당되는 사람, 임신부, 영유아 동반자","관내 기본요금 1000원(1.5km), 140m당 50원",충남지체장애인협회 태안군지부,041-670-2808,2021.6.16,6440000,충청남도
사)한국지체장애인협회 함평군지회,전라남도 함평군 함평읍 남일길 238-61,전라남도 함평군 함평읍 대덕리 21-5,35.07582913,126.512894,4,창림저상슬로프장애인차,4,0,1899-1110,없음,없음,8:00,18:00,8:00,18:00,0:00,0:00,0:00,0:00,1일,최초이용시 증빙서류 첨부해 사용자 등록,함평군 일원,"전남 도내, 광주광역시","장애정도가 심한(보행상) 장애인, 65세 이상의 어르신, 일시적 휠체어 이용자(버스 이용이 어려운 사람) 등","기본요금(2㎞까지) : 500원, 1,000원(심야)/추가요금(1㎞당) : 100원, 200원(심야)",함평군청,061-320-1753,2021.6.15,4960000,전라남도 함평군
여주시 교통약자이동지원센터,경기도 여주시 여흥로 109번길 17-1(창동),경기도 여주시 창동 46,37.29737726,127.6358905,20,카니발+스타렉스,19,1,1522-2796,https://call.yjcmc.or.kr/,,6:00,22:00,14:00,18:00,6:00,22:00,6:00,22:00,2일,차량도착 후 10분 이내 승차 불이행+주말 및 공휴일 예약 24시간 전 취소 불이행+폭언+신체적 접촉+과도한 음주,여주시 전지역,서울특별시+경기도+음성군+충주시+원주시,"장애인+65세 이상, 임산부 및 영유아 동반, 일시적으로 휠체어를 이용하는 사람 중 대중교통 이용이 어려운 사람+교통약자를 동반하는 가족 및 보호자+ 그 밖에 특별교통수단이 필요하다고 인정하는 사람","관내 1,300원(정액제) / 관외 기본 10Km당 1,300원(초과요금 3Km당 100원)+고속도로 통행료(기초생활수급자 통행료 지원), 주차료 이용자 부담+기초생활수급자 50 할인+시계외 및 심야시간(0시~4시) 20 할증",여주시,031-887-2292,2021.7.16,5700000,경기도 여주시
의왕시 교통약자 이동지원센터,경기도 의왕시 왕소나무길 29-15,경기도 의왕시 월암동 602-2,37.30274385,126.959074,11,그랜드카니발,11,0,031-462-8253,인터넷접수 불가(www.uuc.or.kr),,7:00,23:59,9:00,18:00,7:00,23:59,9:00,18:00,가능,상담원에 대한 폭언+운전원에 대한 폭언 폭행+안전운전에 방해 되는 행위,의왕+군포+과천+안양,거주지 제한 폐지,장애정도가 심한 장애인,1200원,의왕시청 교통행정과,031-345-3305,2021.7.26,4030000,경기도 의왕시
구리시 교통약자 이동지원센터,경기도 구리시 안골로 40(주차빌딩 3층),경기도 구리시 교문동 736-3,37.59696327,127.1355313,18,카니발,18,0,1577-3659,https://gurihappycall.guriuc.or.kr/,구리시 행복콜,9:00,18:00,0:00,0:00,0:00,0:00,9:00,18:00,2일,"1일(당일) 제한 - 요금 체납 시 납부할 때까지 이용 제한 - 탑승 시 신분증(장애인 등록증(복지카드)) 및 진단서 등 증빙서류를 제시하지 못하는 경우 - 신청 대상자와 이용자가 다른 경우(부정 이용자) - 운전원 및 상담원에 대한 폭행, 폭언 등의 불법을 행사 할 경우",구리시 전지역,서울+인천+경기도,1. 「장애인복지법 시행규칙」 제2조 제1항에 따른 보행상 장애의 정도가 심한 장애인으로서 버스ㆍ지하철 등의 대중교통 이용이 어려운 사람2. 65세 이상 노인ㆍ임산부 및 장애의 정도가 심한 장애인(「보행상 장애 표준기준표」상의 보행상 장애가 없는 사람)으로서 버스ㆍ지하철 등 대중교통 이용이 어려운 사람3. 제1호 및 제2호에 해당하는 교통약자에 준하는 사람으로서 조례로 정하는 사람4. 제1호부터 제3호까지 해당하는 교통약자를 동반하는 가족 및 보호자(2명 이내),"　기본요금 10Km이내 1,200원,  10Km 초과 1Km당 200원 + 고속도로(유료도로)통행료는  이용자 부담, 주차요금 이용자 부담",구리시,031-550-2576,2021.7.23,3980000,경기도 구리시
제주특별자치도 교통약자 이동지원센터,제주특별자치도 제주시 연북로 173,,33.481802,126.4999482,46,그랜드카니발+그랜드스타렉스+쏠라티,45,1,1899-6884,http://www.jejuhappycall.com/,,0:00,24:00:00,0:00,24:00:00,0:00,24:00:00,0:00,24:00:00,예약접수 운영안함,,,,1ㆍ2급 장애인으로 대중교통 이용이 어려운 자+65세 이상으로서 대중교통 이용이 어려운 자+3급 장애인 중 뇌병변 또는 휠체어를 이용하는 사람으로 대중교통 이용이 어려운자+임산부ㆍ일시적으로 휠체어를 이용하는 자로서 대중교통 이용이 어려운자,기본요금(10km내)500원+거리요금(1km당)100원+요금상한제1000원,교통정책과,064-710-2413,2021.10.14,6500000,제주특별자치도
사단법인한국시각장애인연합회영월지회,강원도 영월군 영월읍 단종로 21,강원도 영월군 영월읍 영흥리 959-27,37.185347,128.467917,4,창림저상슬로프장애인차,4,0,1577-2014,해당없음,,0:00,24:00:00,0:00,24:00:00,7:00,22:00,9:00,18:00,일주일~1일전,예약취소 없이 3회 무단 불이용 시 또는 차량 도착 시 요청장소에 3회 무단 부재 시 한달간 이용 정지,영월군 전지역,강원도+제천+단양,"휠체어 이용 1, 2급 장애인+그 외 이용자(진단서 첨부)","4km 기본 1,100원, 이후 1km 당 100원",강원도 영월군,033-370-2356,2018.8.31,4270000,강원도 영월군
경상북도특별교통수단상주시부름콜센터,경상북도 상주시 상산로 506,경상북도 상주시 만산동 212-3,36.43599436,128.1572917,10,카니발+스타렉스,0,10,1899-7770,없음,없음,8:00,18:00,9:00,18:00,7:00,22:00,7:00,18:00,7일,운행방해+욕설3회시 한달 정지+예약위반 3회시 한달 정지+요금미납 3회시 한달 정지+운행1시간 이내로 취소 3회시 한달 정지,상주시 전지역,"상주시 인접 시군, 전국(병원목적에 한함)","관내 중증장애인 1~2급+중증장애인 3급(지체장애인 또는 휠체어 사용자)+임산부+65세이상노약자(사고, 질병 등으로 대중교통 이용이 어렵거나 휠체어 사용자)+일시적 장애인","5km 기본요금 1,100원+추가 1km당 200원(시계외 동일)",상주시 교통에너지과,054-537-7378,2020.7.13,5110000,경상북도 상주시
청주시교통약자이동지원센터,충청북도 청주시 흥덕구 무심서로841,충청북도 청주시 흥덕구 신봉동 500,36.66271754,127.4669836,51,"특장차(스타랙스,카니발)",0,51,1588-8488,http://www.cjsisul.or.kr/reserve/sub.do?menukey=239,X,7:00,22:00,7:00,22:00,0:00,0:00,0:00,0:00,"인터넷(3일전),전화(1일전)",심사를 거쳐 등록된 고객만 이용가능,청주시 전지역,"신탄진,조치원,증평,오송","장애정도가 심한 보행상 장애인(기존1~2급 장애인 포함),만65세이상,요양1~4등급,상이등급1~3등급","기본요금:10km당2000원,추가요금:1km당300원",청주시 교통정책과,043-201-2825,2020.6.30,5710000,충청북도 청주시
한국교통장애인협회영주시지회,"경상북도 영주시 광복로46번길 15, 1층",경상북도 영주시 영주동 32-15,36.8270932,128.6235929,6,뉴카니발,6,0,054-638-0112,없음,없음,9:00,18:00,0:00,0:00,9:00,19:00,9:00,18:00,2주,주말예약 접수 받지 않음(시각은 00:00으로 표기함),영주시 전역,전국(시외운행은 병원이용),"장애인복지법상 1~2급장애인,65세이상노약자,사고질병등 일시적 장애로 인하여 휠체어를 이용하는사람 및 보호자,임산부 및 영유아를 동반한 자","1. 영주시내: 10KM까지 천원,10KM 초과시 5KM 당 + 천원2. 도내 시외운행 요금:다섯시간 이내 30,000원,다섯시간 이상  50,000원3. 도외 시외운행 요금:다섯시간 이내 50,000원,다섯시간 이상 100,000원",교통행정과,054-639-6824,2020.7.22,5090000,경상북도 영주시
한국시각장애인연합회 양양군지회,강원도 양양군 양양읍 양양로 9-5,강원도 양양군 양양읍 연창리 203-5,38.07784423,128.6274852,2,승합 중형(카니발),2,0,1577-2014,http://call.gwd.go.kr,강원도 광역 교통약자,9:00,18:00,9:00,18:00,7:00,22:00,9:00,18:00,관외 차량 일주일전 신청,,양양군 전역,강원도 및 서울(병원 이용 시),장애정도가 심한장애인+ 장애정도가 심하지 않은장애인(의사진단서)+만65세이상노약자(의사진단서첨부)+교통약자를 동반하는 가족 및 보호자,"기본요금 1,100원(4km) 이후 1km당 100원",양양군 전략교통과,033-670-2256,2021.7.5,4350000,강원도 양양군
(사)한국지체장애인협회 강원도지체장애인협회 양양군지회,강원도 양양군 양양읍 양양로 9-5,강원도 양양군 양양읍 연창리 203-5,38.07784423,128.6274852,2,승합 중형(카니발),2,0,1577-2014,http://call.gwd.go.kr,강원도 광역 교통약자,9:00,18:00,9:00,18:00,7:00,22:00,9:00,18:00,관외 차량 일주일전 신청,,양양군 전역,강원도 및 서울(병원 이용 시),장애정도가 심한장애인+ 장애정도가 심하지 않은장애인(의사진단서)+만65세이상노약자(의사진단서첨부)+교통약자를 동반하는 가족 및 보호자,"기본요금 1,100원(4km) 이후 1km당 101원",양양군 전략교통과,033-670-2257,2021.7.5,4350000,강원도 양양군
남원시 교통약자이동지원센터,전라북도 남원시 검멀길 13,전라북도 남원시 금동 153,35.40341851,127.377408,9,카니발,9,0,063-227-0002,www.0632270002.com,전라북도 광역이동지원센터 승객용앱,8:00,24:00:00,8:00,24:00:00,8:00,24:00:00,8:00,24:00:00,7일,"·이용신청 없이 운전원과 직접 연락하여 차량을 이용한 경우·무임승차를 한 경우·상담원, 운전원에 대하여 욕설·폭언·폭행·성적 희롱을 한 경우·방뇨, 오물투기 등 의도적으로 차량의 운행을 방해하는 경우·광역이동지원센터에 방문하여 무단으로 소란을 일으키거나 업무를 방해하는 경우·이용객과 동반할 목적이 아닌 비장애인을 동승시키는 경우·이용객과 동반할 목적이 아닌 비장애인을 동승시키는 경우(기간에 관계없이 2회 적발시)",남원시 전지역,권역(남원+순창+임실) 및 전국,"· 장애의 정도가 “심한 장애인” 중 대중교통 이용이 어려운자 (보행상 장애인)· 65세 이상으로 대중교통 이용이 어려운 자· 대중교통 이용이 어려운 임산부, 일시적 휠체어 이용자","· 권역내요금 : 기본요금 2km 700원+주행요금 km당 100원· 권역외요금 : 기본요금 2km 700원+주행요금 700m당 100원· 통행료 및 주차료 등 : 이용자 부담· 대기료 : 권역외 30분당 2,500원(1시간 무료), 전라북도 외 30분당 2,500원(2시간 무료)",남원시청,063-620-6564,2021.9.9,4700000,전라북도 남원시
강릉시교통약자이동지원센터,강원도 강릉시 강변로 636-5,강원도 강릉시 두산동 228-3,37.76923243,128.9298548,16,스타렉스+카니발,9,7,1577-2014,http://call.gwd.go.kr,,0:00,23:59,0:00,0:00,0:00,0:00,0:00,0:00,최소 1일전,예약당일취소 또는 현장취소가 월 3회 초과 시 1개월 제한+비장애인만 승차하는 경우,강릉시 전지역,강원도 전지역+강원도 외 지역 상급병원,장애의 정도가 심한 장애인 중 보행불편 장애인+임산부+만65세이상 고령자 중 휠체어 이용자+교통약자를 동반하는 가족 및 보호자,"관내지역(기본 4㎞)기본요금 1,100원외 1Km당 100원 추가+관외지역 기본요금 1,100원외 1Km당 100원 추가+시설이용료(통행료,주차료등)와 대기료(1시간 무료,30분당 2,000원, 최대 4시간 대기가능)은 이용자 추가 부담",강원도강릉시(개인택시강릉시지부위탁운영),033-640-5390,2021.11.2,4200000,강원도 강릉시
부천시교통약자이동지원센터,경기도 부천시 석천로 293,경기도 부천시 중동 1024,37.51275697,126.7639108,75,승합차+버스,75,0,1588-3815,https://www.best.or.kr/fmcs/25,경기도광역이동지원시스템,0:00,0:00,0:00,0:00,0:00,0:00,0:00,0:00,24시간 운영,정당한 요금을 지불하지 않는 경우+상담원 및 운전원에게 욕설이나 폭행을 하는 경우+이동지원센터 및 특별교통수단의 기물을 손괴한 경우+이용대상자가 아닌 사람을 부정하게 이용할 수 있도록 협조한 경우,전지역,서울+인천+김포+고양+광명+시흥시,1~2급+등록장애인,1000,부천도시공사,032-625-9403,2021.10.25,3860000,경기도 부천시
칠곡군 교통약자 이동지원센터,경상북도 칠곡군 왜관읍 석전로7길 58,경상북도 칠곡군 왜관읍 석전리 473,36.00666888,128.4082377,7,승합차,7,0,1899-7770,인터넷 예약 불가,해당없음,9:00,18:00,9:00,18:00,8:00,18:00,8:00,14:00,이용일 7일전부터 1일전까지,-,칠곡군,경상북도 및 대구광역시(병원 및 관공서 이용),"1. 「장애인복지법 시행규칙」제28조제1항에 따른 보행상의 장애인으로서 같은 규칙 별표 1에 따른 장애의 정도가 심한 장애인으로서 대중교통의 이용이 어려운 사람 2. 사고,질병등일시적장애로휠체어를이용하는사람으로서대중교통의이용이 어려운 사람3. 1호및2호에해당하는교통약자를동반한가족이나보호자4. 그밖에특별교통수단이필요하다고인정하는사람","기본료(2km까지): 1,300원, 2km 초과부터 km당: 200원   ※ 관내는 최대 7,000원, 고속도로 통행료 및 주차료 이용자 부담",칠곡군청 교통행정과,054-979-6564,2020.7.7,5220000,경상북도 칠곡군
이천시교통약자이동지원센터,경기도 이천시 부악로 30-45,경기도 이천시 중리동 382,37.2735354,127.4315494,24,그랜드카니발+올뉴카니발,24,0,1899-0017,https://www.2000happydream.or.kr,이천교통약자,9:00,18:00,9:00,18:00,7:00,21:00,9:00,18:00,7일,"부득이한 사유로 예약을 취소하고자 할 때에는 늦어도 차량이용 일시의 24시간 이전에 취소하여야한다(30일)+승차할 때에 운전원에게 신분증을 제시하여 본인임을 확인시켜야 한(30일)+목적지 변경 또는 이용신청청을 취소할 경우에는 센터에 즉시 통보하여 승인을 받아야 한다(30일)+이천시 관외병원진료, 장애인단체 및 시설 이용 목적으로 이용시 이용자는 병원진료 종료시각이 나타난 진료영수증 등 증빙서류를, 장애인단체 및 시설 이용자는 관련 공문 등 증",이천시 전지역,서울특별시+경기도+인천광역시+강원도원주+충북충주+충북음성,「보행상 장애 표준 기준표」에 해당하는 장애인(장애인증명서 제출)+ 「보행상 장애 표준 기준표」에 해당하지 않는 장애인(진단서 제출)+65세 이상 고령자 중 대중교통 이용이 어려운 사람(진단서 제출)+임산부로서 대중교통 이용이 어려운 사람(진단서 제출)+국가유공자로서 대중교통 이용이 어려운 사람(진단서 제출)+교통약자를 동반하는 2인 이내의 가족 및 보호자,"기본요금 10km 1,200원+추가요금 5km 당 100원+왕복운행시 대기료 시간당 1,000원(2시간 이내)+고속도로통행료 및 유료주차장 사용료 이용자 부담",경기 이천시,031-644-2372,2021.3.31,B553081,이천시시설관리공단
한국교통장애인협회 영덕군지회,경상북도 영덕군 영덕읍 남석2길 5,경상북도 영덕군 영덕읍 남석리 62-2,36.410485,129.367214,2,카니발,2,0,054-734-3006,yd8254@hanmail.net,,9:00,18:00,0:00,0:00,9:00,18:00,0:00,0:00,30일,"복지카드(신분증)의 제시 또는 관련서류의 제출을 거부한 경우+보호자 없이 탑승시 안전상의 문제가 발생 할 수 있다고 판단되는 경우+실제 탑승인과 복지카드의 대상자가 다를 경우+의도적으로 특별교통수단 운행을 방해한자(방뇨, 오물투기 등)+운행원칙에 반하는 무리한 요구를 하는 자",영덕 전지역,경북 전지역+대구광역시,"1,2급 장애인+3급하지장애인+대중교통이 어렵다는 진단서 제출 장애인","기본 5km 1,400 5km초과 미터당 200원 추가요금 발생 한나절대절60,000 반나절 30,000",경상북도 영덕군청,054-730-6255,2021.9.15,5180000,경상북도 영덕군
여수시교통약자이동지원센터,전라남도 여수시 성산로 46(화장동),전라남도 여수시 화장동 761-3,34.774271,127.6425851,23,카니발,17,6,1899-1110,없음,없음,0:00,0:00,0:00,0:00,0:00,23:59,0:00,23:59,없음,없음,여수시,광주광역시+전남전지역,대중교통 이용이 어려운 보행상 장애인,기본요금 2km까지 700원+이후요금 164m당 30원+시간요금 39초당 30원,여수시,061-659-4129,2020.10.30,4810000,전라남도 여수시
양구군교통약자이동지원센터,강원도 양구군 양구읍 비봉로73번길12,강원도 양구군 양구읍 하리 97-3,38.10874826,127.986475,3,카니발,0,3,1577-2014,http://call.gwd.go.kr/main.do,강원도 교통약자 광역이동지원센터,7:00,24:00:00,9:00,18:00,7:00,24:00:00,9:00,18:00,1주일전～1일전,,관내 전구간,강원도 내,장애의 정도가 심한 장애인65세 이상 대중교통이 어려운 사람,"4km까지 1,100원",양구군,033-480-2715,2020.7.8,4320000,강원도 양구군
예산군 교통약자이동지원센터,충청남도 예산군 예산읍 벚꽃로 171,충청남도 예산군 예산읍 발연리 67,36.69599281,126.8366807,7,카니발 7대,7,0,1644-5588,해당없음,해당없음,9:00,18:00,0:00,0:00,9:00,18:00,9:00,18:00,이용 2일 전,,관내,충청남도내,"대중교통이용이 어려운 정도가 심한 보행 장애인 및 65세 노인, 임산부, 일시적 장애인 등","(관내) 기본요금: 2km까지 1000원, 추가요금: 130원/km (관외) 260원/km",충청남도 예산군청,041-339-7694,2021.5.25,4610000,충청남도 예산군
보은군장애인생활이동지원센터,충청북도 보은군 보은읍 뱃들로 68-38,충청북도 보은군 보은읍 이평리 105-2,36.4886825,127.7234966,2,"스타랙스12인승, 레이",0,0,043-543-2705,해당없음,해당없음,9:00,18:00,0:00,0:00,9:00,18:00,0:00,0:00,1주일전,없음,보은군 전지역,"청주, 대전",등록된 장애인,요금 기준표 참고,(사)충북시각장애인복지연합회보은군지회,043-543-2705,2021.5.6,4420000,충청북도 보은군
(사)한국교통장애인협회 울진군지회,경상북도 울진군 울진읍 공세항길 19-60,경상북도 울진군 울진읍 읍내리 15-2,36.99137861,129.405693,7,카니발,0,4,054-782-5775,해당없음,해당없음,8:00,18:00,0:00,0:00,8:00,18:00,0:00,0:00,관내 3일전+관외 2달전,관내 주5회+관외:1달에 2번,울진군 관내,경상북도+강릉병원+대구병원+동해병원+삼척병원,장애등급 1급+2급 장애인+65세 이상의 대중교통수단이용이 어려운 사람(의사진단서),"관내편도기준 기본4km까지 1,400원외 1km당 200원+관외요금 시외버스요금의 2배",경상북도 울진군청,054-789-6393,2021.5.13,5250000,경상북도 울진군
진천군 교통약자이동지원센터,충청북도 진천군 진천읍 중앙북1길 11-10,충청북도 진천군 진천읍 벽암리 570-1,36.8610976,127.439492,6,스타렉스2+카니발4,5,1,043-534-5758,인터넷 예약 안됨,없음,7:00,19:00,9:00,18:00,7:00,19:00,8:30,17:30,"관내3일,관외7일",,진천군내,"청주, 진천군인접지역","1. 「장애인복지법 시행규칙」 제2조제1항의 규정에 따른 장애의 정도가 심한 장애인으로서 버스 등 대중교통의 이용이 어려운 사람2. 만 65세 이상의 사람으로서 버스 등 대중교통의 이용이 어려운 사람 3. 제1호부터 제2호의 교통약자외 혼자서 외출과 이동이 곤란하여 특별교통수단이 필요하다고 인정되는 사람(임산부, 일시적 장애로 거동이 어려운 사람 등) 4. 제1호부터 제3호까지의 규정에 해당하는 교통약자를 동반하는 가족과 보호자","5km까지 2,000원(초과시 1km당 360원)최대 4000원",진천군,043-539-3727,2021.9.23,4450000,충청북도 진천군
안산시 하모니콜,경기도 안산시 단원구 화랑로 260,경기도 안산시 단원구 초지동 666,37.31947602,126.8164939,61,카니발+스타렉스,60,1,1588-5410,없음,,9:00,18:00,9:00,18:00,0:00,24:00:00,0:00,24:00:00,1일전,,전구간,"수도권(서울,인천,경기)",장애의정도가 심한 보행상장애인+국가유공상이자+노약자(재활치료 및 진료목적)+어린이(만5세미만으로 전문병원 이상 의료기관에서 1개월 이상의 지속적인 치료 진단),"관내 : 1,200원(10km)+관외 : 기본 1,200원(10km) 추가 5km 마다 100원",안산도시공사,031-8058-7497,2021.8.31,3930000,경기도 안산시
청송군 교통약자이동지원센터,경상북도 청송군 청송읍 중앙로 299,경상북도 청송군 청송읍 월막리 290-3,36.43511571,129.0614924,2,카니발,2,0,1899-7770,http://www.brmcall.co.kr,,9:00,18:00,0:00,0:00,9:00,18:00,0:00,23:59,연중,,,,보행장애인으로서 장애의정도가 심한 장애인으로서 대중교통 이용이 어려운 사람 + 일시적 휠체어 이용자 + 서비스 대상자와 동승하는 최소 필요 보호자+임산부+노약자,"1,000원/10km(기본) + 200원/1km(추가)",청송군,054-870-6254,2021.9.16,5160000,경상북도 청송군
진안군교통약자이동지원센터,진안군 진안읍 관산2길 11,진안군 진안읍 군하리 91-1,35.790572,127.425266,3,카니발,3,0,063-433-4222,https://www.0632270002.com:8443/view/index.do,전라북도 광역이동지원센터 승객용 앱,9:00,17:00,9:00,17:00,8:00,20:00,9:00,18:00,전일 17:00까지,"1. 차량 도착 후 취소한 경우2. 차량 도착 후 아무런 연락이 없이 10분 이상 이용하지 않는 경우3. 사전 예약 후 예약시간으로부터 1시간 이내에 예약을 취소한 경우4. 이용신청 없이 운전원과 직접 연락하여 차량을 이용한 경우.5. 상담원, 운전원에 대하여 욕설, 폭언, 성적 희롱을 한 경우.6. 방뇨, 오물투기 등 의도적으로 차량의 운행을 방해하는 경우.7. 광역이동지원센테에 방문하여 무단으로 소란을 일으키거나 업무를 방해하는 경우8. 이",진안군,제한없음,"1.장애의 정도가 “심한 장애인” 중 대중교통 이용이 어려운 자(보행상 장애인) 2.65세 이상으로 대중교통 이용이 어려운 자3.대중교통 이용이 어려운 임산부, 일시적 휠체어 이용자4.이용대상자를 동반하는 가족 및 보호자5.타 지역 거주자(심한 장애인)이나 일시적 방문자(사전신청 접수시)","권역내 요금- 기본요금 2km당 700원- 주행요금 km당 100원(2천원 이상시 2천원)권역외 요금- 기본요금 2km당 700원- 주행요금 700m당 100원통행료 및 주차료 등 : 이용자 부담대기료-권역외 : 30분당 2,500원(1시간무료)-전라북도외 : 30분당 2,500원(2시간무료)",진안군,063-430-2356,2021.9.15,4730000,전라북도 진안군
김천시교통약자이동지원센터,경상북도 김천시 환경로 105,경상북도 김천시 신음동 52,36.13177,128.137665,10,스타렉스3대+카니발7대,10,0,1899-7770,www.brmcall.co.kr,해당없음,9:00,18:00,0:01,0:01,8:00,20:00,8:00,20:00,7일,관외 운행은 병원이용목적에 한함+주말 운행은 사전예약자에 한함,김천시 전 지역,"경상북도 내, 대구광역시, 김천시와 연접한 시·군",1급 ~ 3급 장애인 (장애 정도가 심한 장애인)+65세 이상으로 대중교통의 이용이 어려운 사람+사고ㆍ질병 등으로 인하여 일시적으로 휠체어 이용자+임산부로서 대중교통수단의 이용이 어려운 사람+국가유공자 등 예우 및 지원에 관한 법률 시행령 제14조제3항에 따른 상이등급+3급 이상에 해당하는 사람으로 대중교통 이용이 어려운 사람+그밖에 특별교통수단이 필요하다고 인정되는 사람+위 해당하는 교통약자를 동반하는 가족 및 보호자,"기본운임(2km 미만) : 1,400원+2km이상~10km 미만 : 300원/km+10km 이상 : 100원/km+시외:시외버스 요금의 2배+유료도로 이용료, 주차료는 이용자 부담",김천시,054-420-6688,2021.9.16,5060000,경상북도 김천시
영광군 특별교통수단(장애인콜택시),전라남도 영광군 영광읍 옥당로 50,전라남도 영광군 영광읍 녹사리 242-1,35.26952915,126.5090179,5,올뉴카니발,5,0,1899-1110,http://www.doumcall.kr,전남광역승객용앱,7:00,23:59,7:00,18:00,8:00,22:00,8:00,17:00,1일 전,,영광군 관내,전라남도 내,중증 장애인+2급 이상의 상이등급+ 사고·질병 등으로 인한 일시적 장애+65세 이상 노약자+동반하는 가족 및 보호자 2인 이내,"기본요금2km  500원 / 추가 1㎞당 100 / 최고 1,000원 / (관외지역) 시외버스 요금",전남지체장애인협회 영광군지회,061-353-8041,2021.9.15,4970000,전라남도 영광군
안성시교통약자이동지원센터,경기도 안성시 보개면 종합운동장로 162,경기도 안성시 보개면 양복리 210,37.01319895,127.3278403,15,카니발 승합,15,0,031-677-6655,www.asimc.or.kr,,9:00,18:00,0:00,23:59,7:00,21:00,0:00,23:59,3일전,예약취소 월2회+일반인동승+중도하차+의도적운행방해+요금체납,전지역,서울시+경기도 전지역+천안+음성+진천,장애1~2등급+65세이상 대중교통이용이 어려운자+임산부+영유아 동반 대중교통 이용이 어려운자+일시적 휄체어 이용자,"10km/1,300원시계외 20+할증대기료 1,000원",안성시시설관리공단위탁,031-672-1234,2021.3.15,4080000,경기도 안성시
무안군교통약지이동지원센터,전라남도 무안군 무안읍 면성1길 27,전라남도 무안군 무안읍 성내리 174-10,34.99186126,126.478132,4,카니발장애인차,4,0,1899-1110,http://www.doumcall.kr/,,9:00,18:00,0:00,0:00,9:00,18:00,0:00,0:00,24시간 전,예약 후 당일 취소 및 연락불가시 이용제한,관내 전지역,전라남도,65세이상 대중교통이용 불가능자중복3급이상 중증장애인임산부일시적 휠체어 이용자,"2km 1400, 146m당 64원",사단법인 무안군장애인협회,061-454-8818,2021.8.27,4950000,전라남도 무안군
가평군교통약자이동지원센터,경기도 가평군 가평읍 문화로 153,경기도 가평군 가평읍 대곡리 318,37.82631492,127.5075875,16,카니발,16,0,031-8078-8122,https://www.gpfmc.or.kr/sub2/sub2_4-2.php,미정,9:00,17:00,0:00,0:00,7:00,20:00,7:00,20:00,이용일 2일전 까지,특별교통수단 이용대상자(등록심사를 받은 등록된자)에 한해서 사용 가능,가평전역,"경기도 인접지역(ㅇ야평,남양주,포천,구리,의정부)서울,춘천","「장애인복지법 시행규?o」 제28조 제1항에 따른 보행상의 장애인으로서 버스, 지하철 등의 이용 어려운 사람 65세 이상으로 휠체어 이용으로 인한 버스 등 대중교통의 이용이 어려운 사람 임산부 및 영유아를 동반한 자로서 대중교통의 이용이 어려운 사람 사고·질병 등으로 일시적으로 휠체어를 이용하는 사람으로 대중교통의 이용이 어려운 사람","기본요금: 1,300원(10km 이내),추가요금: 기본요금 초과부터 5km당 100원 추가",가평군,031-580-2203,2021.8.24,4160000,경기도 가평군
거창군교통약자이동지원센터,경상남도 거창군 거창읍 중앙로 103,경상남도 거창군 거창읍 상림리 64-1,35.68667584,127.9095332,7,카니발+스타렉스,5,2,1566-4488,해당없음,,0:00,23:59,0:00,23:59,7:00,23:00,7:00,22:00,전날 21:00,,거창군 관내,경상남도+대구광역시(치료목적만 편도로 이용가능),"심한 장애인 중 보행상 장애인, 65세이상 노인, 임산부, 휠체어이용자(대중교통 이용이 어려운자), 동반하는 가족 및 보호자","관내 : 2,000원 + 관외 : 시외버스 요금의 1.5배",경상남도 거창군청,055-940-3388,2021.8.31,5470000,경상남도 거창군
김포시 교통약자 이동지원센터,경기도 김포시 금포로 1127,경기도 김포시 운양동 5-6,37.64689872,126.7047807,40,그랜드카니발R,40,0,1899-2008,해당없음,,0:00,23:59,0:00,23:59,0:00,23:59,0:00,23:59,0,대기시간 15분 초과 회차 발생 + 차량 도착 후 15분 이내에 미승차 월 3회 이상 +  상담원 상담 및 신청 방해 + 장난전화 3회 이상인 경우 + 이용예정시각 1시간 이내 취소한 경우가 월 3회 등,관내 전체,경기도 + 서울시 +인천시,"1, 2급 등록 장애인(명부에 등재된 장애인 신분확인 후 이용가능) +65세이상 고령자로 대중교통 이용이 어려운 사람(이용대상자 심사 및 승인 후 이용가능 - 대중교통 이용불편 진단서 첨부)","관내 1,000원, 관외 추가요금 100원/5km",김포시 시설관리공단,031-986-9484,2021.10.1,4090000,경기도 김포시
예천군장애인이동지원센터,경상북도 예천군 예천읍 대심1길 22,경상북도 예천군 예천읍 대심리 424-4,36.649653,128.441283,6,그랜드카니발 저상슬로프 차량,6,0,054-652-7179,0:00,0:00,9:00,18:00,0:00,0:00,9:00,18:00,0:00,0:00,24시간전,특별한 제한없음,예천군 관내 전지역,대구광역시+경상권 전지역,지체(하지)+뇌병변+신장 1∼2급장애인 및 동반보호자,"기본료 5km까지 1,200원+5km초과시 200원/km+톨게이트비+주차료 본인부담",경상북도 예천군,054-650-6253,2021.10.29,5230000,경상북도 예천군
천안시 교통약자이동지원센터,충청남도 천안시 동남구 다가말2길 104 일봉회관 5층,충청남도 천안시 동남구 다가동 405-6,36.797916,127.1431034,41,카니발+스타렉스,41,0,041-558-0010,해당없음,충남 광역이동지원센터 이용자용 앱,0:00,23:59,0:00,23:59,0:00,23:59,0:00,23:59,즉시콜,"1. 이용고객의 차량을 예약하고 비장애인만 승차 시키는 경우2. 장애등급을 허위 고지하여 우선배차를 받는 등 부정 탑승 행위를 한 경우 3. 운전에 방해를 줄 수 있는 고객 탑승 시 보호자가 동승하지 않는 경우4. 교통약자를 위한 보호자의 동반 탑승은 최초 탑승 시부터 최종 목적지까지 같이 동승하여 타고 내려야 하며, 중도에 보호자만 개별적으로 타고 내리는 경우5. 장애인 보조견을 제외한 운전에 방해를 줄 수 있는 애완동물 및 폭발성, 인화성 ",천안시내권,없음,「교통약자의 이동편의 증진법 시행규칙」 제6조제1항 각 호의 사람+임신부+일시적으로 보행상 장애가 있는 사람,"관내지역(기본요금 2km당 1,000원+거리할증 1km당 130원)+관외지역(1km당 260원)+대기료 30분당 2,000원+통행료는 이용자 부담",충청남도 천안시 대중교통과,041-521-5634,2021.10.22,4490000,충청남도 천안시
교통약자 이동지원 센터 행복콜,"경상북도 문경시 남부4길 13(모전동, 장원하이드파크) 101호",경상북도 문경시 모전동 67,36.5871278,128.1940527,8,카니발(휠체어슬로프) 차량,8,0,054-556-7755,인터넷 접수불가,,9:00,18:00,0:00,0:00,9:00,18:00,0:00,0:00,당일 2시간 전 즉시예약,"1) 당일 2시간 전 예약 건에 한함+2) 주말운행은 병원이용 목적인 사전 예약자에 한함+3) 예약 시, 1, 2급 장애인증명서(또는 복지카드) 또는 의사소견서를 첨부해야함.",문경시 전역,경북+ 대구(병원이용목적으로만),"1) 장애정도가 심한 장애인+2) 장애정도가 심하지 않은 장애인, 65세 이상 노약자, 임산부 중 대중교통 이용이 어려운자  및 일시적 장애로 인한 휠체어 이용자+3) 1과 2의 이용대상자 보호자 및 가족","1) 기본요금:1,300원(5km내)+2) 추가요금: 200원/km(5km초과 시)*단, 관내는 5,000원 이내, 관외는 시외버스 요금의 2배 를 초과하지 못함.",문경시,054-550-6859,2021.10.22,5120000,경상북도 문경시
강원도지체장애인협회 고성군지회,강원도 고성군 죽왕면 동해대로 6520,강원도 고성군 죽왕면 가진리 299-19,38.37818193,128.4988401,3,승합 중형,3,0,1577-2014,http://call.gwd.go.kr/main.do,,9:00,18:00,9:00,18:00,9:00,18:00,0:00,0:00,0,,고성군 일원,"서울, 강원도내 당일 왕복 가능지역","장애정도가 심한 장애인으로 대중교통이용이 어려운 사람, 65세 이상의 사람으로 대중교통 이용이 어려운 사람(소견서 및 진단서 첨부), 교통약자를 동반하는 가족 및 보호자, 장애인복지법 제65조에 따른 보장구 이용 대상자, 임산부 및 일시적으로 휠체어를 이용하는 사람으로 대중교통 이용이 어려운 사람 등","운행요금 : 4km까지 1,100원 / 4km초과 시 1km마다 100원, 대기료 : 최초1시간 무료, 초과 30분 당 1,000원",강원도 고성군청,033-680-3748,2021.10.20,4340000,강원도 고성군
화성시 교통약자이동지원센터(화성나래),경기도 화성시 향남읍 향남로 470,경기도 화성시 향남읍 도이리 산31-6번지,37.13752921,126.9242565,58,슬로프형휠체어차량,58,0,080-600-0677,https://www.hsnarae.or.kr,화성시 교통약자 이동지원센터,6:00,22:00,6:00,22:00,0:00,24:00:00,0:00,24:00:00,이용일 전일 08:00부터 예약가능,"본인확인 요구 거부, 본인 아닌 제3자가 차량을 이용할 수 있도록 허위 신청, 차량도착 후 10분 이내 미 승차, 이용신청 후 별도 통보없이 차량 미이용, 이용 예정시간 1시간 이내에 이용신청 취소, 원활한 운영저해 등 : 월 3회 누적 위반 시 7일간 이용 제한 / 상담원, 운전원에게 욕설, 폭언 및 폭행, 성희롱 등 : 1개월 내 이용 제한",화성시 전역,"서울, 인천, 경기(단, 출발지는 화성시 관내로 함)","1. 장애정도가 심한 보행상 장애인, 2. 65세 이상 고령자, 임산부, 영유아 동반자, 어린이 등의 교통약자 중 대중교통 이용이 어렵다는 진단서를 제출한 사람, 3. 일시적인 보행상 장애로 대중교통 이용이 어렵다는 진단서를 제출한 사람, 4. 1~3까지 해당하는 교통약자를 동반하는 2명 이내의 보호자","기본 1,200원(10km이내), 추가 100원/5km",화성도시공사,080-600-0677,2021.10.20,5530000,경기도 화성시
임실군장애인연합회 교통약자이동지원센터,전라북도 임실군 임실읍 호국로 1644,전라북도 임실군 임실읍 이도리 380-2,35.61026512,127.283295,3,"스타렉스 2대, 카니발 1대",3,0,063-642-5118,해당없음,해당없음,9:00,10:00,9:00,10:00,8:00,22:00,8:00,16:00,0,,관내,관내인탑승시 전지역 운행,"보행상의 장애인으로서 장애의 정도가 심한 장애인과, 65세 이상 노인 중 버스이용이 어려운 사람 등","권역내(2km 기본요금 700원, km당 100원), 권역외(2km 기본요금 700원, 700m당 100원)",전라북도 임실군청,063-640-2575,2021.10.21,4760000,전라북도 임실군
장성군교통약자이동편의증진센터(전남지체장애인협회 장성군지회),전라남도 장성군 장성읍 청운길 23,,35.30199904,126.7813166,4,카니발,4,0,1899-1110,없음,,9:00,18:00,9:00,18:00,7:00,23:59,9:00,23:59,-,,전라남도,광주광역시,심한장애인 중 보행상장애인 + 일시적으로 대중교통 이용 어려운 사람,"기본요금 500원(2Km까지), 1km당 100원",장성군,061-390-7366,2021.10.20,4980000,전라남도 장성군
목포시 교통약자이동지원센터,전라남도 목포시 영산로 350-3,전라남도 목포시 용당동 993-10,34.80554093,126.4042502,20,카니발+스타렉스,17,3,1899-1110,http://www.doumcall.kr/index_main.html,전남광역승객용앱,0:00,0:00,0:00,0:00,0:00,0:00,0:00,0:00,시외 경우 전일,,전지역,전라남도(신안군 제외) 및 광주광역시,"중증 보행상 장애인, 65세 이상 고령자, 임산부, 일시적 휠체어 이용자로서 대중교통수단의 이용이 어려운자+ 교통약자를 동반하는 가족 및 보호자 2인 이내","기본요금 500원(2km), 추가 1km당 100원(상한액 : 시내버스요금 1,350원)",목포시,061-270-3328,2021.10.20,4800000,전라남도 목포시
창원시설공단 교통편의관리소,경상남도 창원시 성산구 원이대로 450,경상남도 창원시 성산구 중앙동 1,35.234007,128.664735,107,카니발+스타렉스,77,24,1566-4488,해당없음,경남특별교통수단,0:00,23:59,0:00,23:59,0:00,23:59,0:00,23:59,없음,"당일 즉시 이용자 또는 예약자로서 차량 도착 후 이용 취소한 자+차량 도착 후 30분 이내에 승차하지 않는 경우가 3회 이상인 자+예약시간으로부터 1시간 이내 예약취소가 3회 이상인 자+이용신청 없이 운전원과 직접 연락하여 차량을 이용한 자+무임승차가 2회 이상인 자+교통약자와 동반할 목적이 아닌 일반인의 동승 및 중도 하차 요구자+상담원, 운전원에 대한 욕설,폭언,폭행,성적 희롱을 한 경우가 2회 이상인 자+의도적으로 특별교통수단의 운행을 방",창원시 전지역,경상남도+부산광역시,"장애의 정도가 심한 장애인 중 보행상 장애가 있는 사람(등급제 폐지전 1·2급 장애인 모두포함)+국가유공자 상이등급 1, 2급으로 대중교통 이용이 어려운 자+65세 이상·임산부·일시적으로 휠체어를 이용하는 사람 중 대중교통 이용이 어려운 자","관내요금 1,500원+관외요금 시외버스요금",창원시,055-225-4313,2021.10.19,5670000,경상남도 창원시
김해교통약자콜택시,,경상남도 김해시 삼정동 359,35.227692,128.900987,50,스타렉스+카니발,48,2,1566-4488,http://www.15664488.co.kr/,경남특별교통수단,0:00,23:59,0:00,23:59,0:00,23:59,0:00,23:59,1일전 21:00~ 24:00,,김해전역,"경남지역, 부산지역(편도운행)",장애인등급1·2급 소지자 + 65세이상 장기요양등급소지자 + 임산부로 대중교통이용이 어려운 자(의사소견서첨부) + 일시적 휠체어 사용자로 대중교통이용이 어려운 자(의사소견서첨부)+교통약자를 동반하는 가족 및 보호자,"김해시내구간 기본요금 1,200원(2km), 주행 100원(500m) *김해시내 최대요금 2,400원 + 경남지역 시외버스 편도요금 + 부산지역 기본요금 2,400원, 주행요금 200원(500m) *부산 최대요금10,000원",김해시청,055-330-2435,2021.10.15,5350000,경상남도 김해시
충주시특별교통수단이동지원센터,충청북도 충주시 목행산단2로 18,충청북도 충주시 금릉동 206-55,37.00169614,127.9180329,21,스타렉스+카니발+대형버스,21,0,043-857-6161,해당없음,해당없음,8:00,21:30,8:00,21:30,7:30,22:00,7:30,22:00,1일,해당없음,충주시 전지역,청주(충북대병원)+원주(세브란스병원)+서울(3차병원),정도가심한장애인 중 보행상 장애가 있는 자+65세이상 버스이용 어려운자+국가유공 상이1~2급,"5㎞ 1,000원+1㎞당 200원 추가",충청북도 충주시,043-850-6821,2021.9.30,4390000,충청북도 충주시
논산시교통약자이동지원센터,충청남도 논산시 해월로87번길 18,충청남도 논산시 부창동 274-139,36.2003202,127.078218,10,카니발,10,0,1644-5588,없음,없음,0:00,0:00,0:00,0:00,7:00,21:00,9:00,18:00,2일,,논산시,충청남도,교통약자법 시행규칙 제6조에 해당되는 사람,"관내 기본요금 1400원(2km), km당 130원",충남지체장애인협회 논산시지부,1600-6335,2021.9.30,4540000,충청남도 논산시
금산군 교통약자 이동지원센터,충청남도 금산군 금산읍 인삼로232,,36.10193212,127.5067566,3,카니발,3,0,1644-5588,없음,없음,9:00,18:00,9:00,18:00,9:00,18:00,9:00,18:00,1일전,,금산군 전체지역,대전+논산+무주+옥천,중증장애1~3급하지장애인+노인장기요양1~3급+만65세이상노약자(진단서첨부)+상해및질병으로인한보행일시장애인+보호자2인,"관내지역기본요금 2km 1,300원 외 1km당 130원 추가 최대2,600원+관외지역 1km당 260원",금산군,041-750-2732,2021.10.17,4550000,충청남도 금산군
청양군교통약자이동지원센터,충청남도 청양군 청양읍 칠갑산로 87,충청남도 청양군 청양읍 송방리 293-1,36.44939025,126.786522,3,카니발+스타렉스,0,3,041-942-2111,없음,없음,0:00,23:59,0:00,23:59,9:00,16:00,9:00,16:00,2일전,없음,청양군 전지역,충청남도 전지역,1.장애인복지법시행규칙에 따라 등록된 1급 또는 2급 장애인으로서버스 등의 이용이 어려운 사람+2. 65세 이상의 사람으로서 버스 등의 이용이 어려운 사람+3. 일시적으로 휠체어를 이용하는 사람이나 임산부로서 대중교통수단의 이용이 어려운 사람+4. 제1호에서 제3호까지에 해당하는 교통약자를 동반하는  가족 및 보호자,"관내 기본요금 2km까지 1,000원, 추가요금 km당 130원+관외 km당 260원+대기료 30분당 2000원",청양군청,041-940-2423,2021.10.14,4590000,충청남도 청양군
이지콜센터,전라북도 전주시 덕진구 기린대로 451,전라북도 전주시 덕진구 덕진동1가 1220-1,35.84075454,127.127127,55,카니발+스타렉스,53,2,063-227-0002,http://www.0632270002.com,즉시콜/예약콜,0:00,23:59,0:00,23:59,0:00,23:59,0:00,23:59,7일,"이용신청 없이 운전원과 직접 연락하여 차량을 이용한 경우,이용객과 동반할 목적이 아닌 비장애인을 동승시키는 경우 1주일,  이용객과 동반할 목적이 아닌 비장애인을 동승시키는 경우 (기간에 관계없이 2회 적발시) 1년",전주시내,전라북도내 및 전국,장애의 정도가 심한 장애인 중 대중교통 이용이 어려운자(보행상 장애인)+65세 이상으로 대중교통 이용이 어려운 자(진단서제출)+일시적사용자(진단서제출)+임산부(진단서제출)+타지역 거주자(심한장애인) 또는 일시적 방문자(사전신청접수시)+교통약자동반가족 및 보호자,"기본 2㎞ 700원 1㎞당100원+전국 2㎞ 700원(전주시내) 700m당100원(대기료, 통행료, 주차료 등 본인부담)",전라북도 전주시청 시민교통과,063-281-2542,2021.10.12,4640000,전라북도 전주시
대구시달서구장애인이동지원센터,대구광역시 달서구 월성로 77,대구광역시 달서구 월성동 86,35.83004237,128.528337,1,스타렉스,1,0,053-641-0641,해당없음,,9:00,18:00,0:00,0:00,9:00,18:00,9:00,18:00,7일,,대구광역시 전지역,,대구시 달서구내 등록장애인,무료,대구광역시 달서구청,053-667-2566,2021.10.6,3470000,대구광역시 달서구
(사)지체장애인협회 의령군지회,경상남도 의령군 의령읍 의병로8길 44 종합사회복지관 1층,경상남도 의령군 의령읍 서동리 543 종합사회복지관 1층,35.315489,128.255951,4,카니발,4,0,1566-4488,www.15664488.co.kr,,21:00,0:00,21:00,0:00,7:00,22:00,9:00,18:00,1일,,의령군 관내 전체,경상남도 관내 전체,보행상 중증장애인+노약자+임산부+일시적 휠체어 이용자,"관내 2,500원+관외 시외버스 요금의 1.5배",경상남도 의령군청,055-570-3133,2021.10.8,5390000,경상남도 의령군
경주시교통약자이동지원센터,경주시 탈해로 57번길14(동천동),경주시 동천동 876-1,35.851772,129.228791,19,"카니발 17대, 스타렉스 2대",19,0,054-777-2811,054-777-2811,054-777-2811,8:00,18:00,9:00,18:00,8:00,22:00,9:00,18:00,7일 이내,"이용자 본인이 아니거사 증빙자료가 사실과 다를경우, 보호 장구를 설치함에도 불구하고 이동 시 안전상 문제가 발생할 소지가 높은 경우 등",경주시 전역,경상북도 및 대구광역시,"「장애인복지법 시행규칙」 제2조제1항에 따른 장애의 정도가 심한 장애인으로 대중교통의 이용이 어려운 사람, 65세 이상 고령자로 버스 등의 이용이 어려운 사람, 사고, 질병 등 일시적 장애로 휠체어를 이용하는 사람으로서 대중교통의 이용이 어려운 사람, 규정에 해당하는 교통약자를 동반한 가족 및 보호자, 그 밖에 특별교통수단 이용이 필요하다고 인정되는 사람","기본(4km) 1200, 초과 1km 당 180원","경주시, 경주시장애인단체협의회",054-777-2811,2021.10.12,5050000,경상북도 경주시
광주희망콜,경기도 광주시 청석로256,경기도 광주시 쌍령동 48-45,37.40998092,127.2653231,24,카니발+스타렉스,19,5,1666-6636,http://www.gjhpcall.or.kr,광주시 교통약자,7:00,19:00,8:00,19:00,7:00,22:00,8:00,21:00,"1.2급장애인, 휠체어 2일전 + 기타 1일전","이용자 준수사항 월 3회위반시 30일 이용정지 + 관외지역 병원, 치료목적외 불가",광주시 전지역,서울 + 경기,"1.2급 장애인 + 휠체어 이용자 + 65세이상 노인, 임산부 등 대중교통이 어려운 사람","10km이내 1,200원 + 추가 5km당 100원 + 대기료 1시간 1,000원 + 기타(통행료,주차비 등)",경기도 광주시청,031-760-2120,2021.9.13,5540000,경기도 광주시
산청군 교통약자 콜택시,경상남도 산청군 산청읍 웅석봉로133번길 178,경상남도 산청군 산청읍 지리 132,35.413607,127.886574,7,카니발+스타렉스,7,0,1566-4488,해당없음,,21:00,23:59,21:00,23:59,6:00,23:00,9:00,18:00,해당없음,회원으로 등록되지 않은자는 이용이 어려움,산청군 전체,경상남도 내,1. 「장애인복지법 시행규칙」 제28조제1항에 따른 보행상의 장애인으로서 장애의 정도가 심해 버스ㆍ지하철 등의 이용이 어려운 사람+2. 65세 이상의 사람으로서 버스ㆍ지하철 등의 이용이 어려운 사람+3. 임산부로서 대중교통수단의 이용이 어려운 사람+4. 일시적으로 휠체어를 이용하는 사람으로서 대중교통수단의 이용이 어려운 사람+5. 제1호부터 제4호까지에 해당하는 교통약자를 동반하는 가족 및 보호자,"2,500원~20,700원",산청콜택시(합),055-973-2531,2021.10.8,5450000,경상남도 산청군
고흥군교통약자이동지원센터,전라남도 고흥군 고흥읍 신계학림길 39,전라남도 고흥군 고흥읍 남계리 400,34.61379357,127.2879524,5,"리프트1,슬로프4",4,1,1899-1110,http://doumcall.kr,전남광역콜,8:00,19:00,8:00,12:00,8:00,20:00,8:00,13:00,1일전 18:00까지,,고흥군,광주광역시 및 전라남도,"장애정도가 심한 장애인, 65세이상 대중교통이용이 어려운자, 임산부",기본요금 : 500원(2km까지) 이후 km당 100원,고흥군청,061-830-5390,2021.9.24,4880000,전라남도 고흥군
교통약자이동지원센터,경기도 포천시 군내면 청성로 112,경기도 포천시 군내면 하성북리 618번지,37.89623177,127.211078,17,카니발+스타렉스,17,0,031-536-2000,없음,-,13:00,21:00,13:00,18:00,0:00,0:00,0:00,0:00,2일전,예약당일1시간이내취소 3회 시 1주일 이용제한,포천시 전지역,"서울, 경기도, 인천, 철원",장애정도가 심한 장애인(장애인복지법 시행규칙 제28조제1항에 따른 보행상의 장애),"기본요금 - 1,250원(10km), 초과요금 - 관내 : 100원/5km 관외 150원/km",포천도시공사,031-540-6000,2021.9.30,5600000,경기도 포천시
강원도 교통약자 광역이동지원센터,강원도 춘천시 봉의동 중앙로1,강원도 춘천시 봉의동 15,37.8855687,127.7301849,30,카니발+스타렉스,25,5,1577-2014,http://call.gwd.go.kr,강원도 광역 교통약자,0:00,0:00,0:00,0:00,0:00,0:00,0:00,0:00,이용 하루전(관외이용시)관외 병원이용시 일주일전부터 예약가능,휠체어 미사용자 이용 불가능,원주시내,강원도 전역+병원+관공서+서울대병원 등,거동이불편한 휠체어이용장애인+65세이상휠체어이용자+일시적 휠체어 이용자,"4km까지 기본 1,100원",원주시시설관리공단교통사업팀,033-749-4811,2021.9.30,4190000,강원도 원주시
경남지체장애인협회합천군지회,경상남도 합천군 합천읍 남정길 79,경상남도 합천군 합천읍 합천리 497-8,35.56841416,128.1569121,7,스타렉스,0,0,1566-4488,http://www.kndaf.or.kr,,0:00,0:00,0:00,0:00,7:00,22:00,7:00,18:00,7,,2000,2000,중증장애1~2급+노인장기요양 1~2급+중복장애자+장애3~6급중 휠체어 이용자+만65세이상노약자(의사소견서첨부)+교통약자를 동반하는 가족 및 보호자(2명이내)+임산부,2000,경제교통과,055-930-3372,2021.10.7,5480000,경상남도 합천군
연천군교통약자이동지원센터,경기도 연천군 전곡읍 전곡로 193,경기도 연천군 전곡읍 은대리 568-2,38.02903092,127.0661019,13,카니발,13,0,031-835-1155,해당없음,해당없음,8:00,17:00,8:00,12:00,0:00,0:00,0:00,0:00,"장애인 사용 2일전, 장애인 외 사용 1일전",□ 아래의 경우 10일 이용제한- 신분증 기타 회원 증명서류 등을 소지하지 않는 경우- 이용자 탑승 후(운행 중) 목적지를 변경하려는 경우- 예약된 시간까지 승차하지 못하여 승차대기를 요청하거나 예약시간 2시간 이내 취소 또는 변경한 경우가 월 3회 이상인 경우(월은 최초 경고 기준부터 다음 경고까지 순차적으로 월 기준이 변경됨)-이용자 본인(보호자 및 동승자 포함)의 과실로 예약시간에 탑승하지 못하여 이동지원 차량이 회차한 경우□ 아래의 경우,연천군 전지역,"경기도, 서월, 인천, 강원도 철원","「장애인복지법 시행규칙」제28조제1항에 따른 보행상의 장애인으로서 같은 규칙 별표 1에 따른 장애의 정도가 심한 장애인으로서 버스·지하철 등의 이용이 어려운 사람, 만65세 이상 고령자 중 대중교통 서비스의 이용이 어렵거나 기타 거동이 불편한 사람, 혼자서 외출이 곤란하여 군수가 특별교통수단이 필요하다고 인정하는 사람(임산부, 영유아(만7세미만 또는 미취학) 1인 동반, 어린이(만13세미만 또는 초등학생) 2인 동반, 만80세 이상의 고령자, 교통약자를 동반하는 가족 및 보호자","1,000원(기본)+10KM  초과시 KM당 100원 추가(관외 이용시 KM당 200원 추가)",연천군시설관리공단,031-834-9580,2021.11.8,4140000,경기도 연천군
구례군 교통약자 이동지원센터,전라남도 구례군 구례읍 서시천로 106 (사)전남지체장애인협회 구례군지회 1층,전라남도 구례군 구례읍 봉북리 1423-1 (사)전남지체장애인협회 구례군지회 1층,35.2166161,127.4668741,3,카니발(중형승합),3,0,1899-1110,www.jnwf.kr,전남광역콜 앱,8:00,23:00,9:00,18:00,8:00,18:00,9:00,18:00,하루전 18시,장애인콜택시 이용등록후 이용,구례군 전역,"전라남도,광주,남원,하동",장애정도 심한 장애인+65세이상 대중교통이용이 어려운자+임산부+일시적휠체어 이용자,2Km까지기본500원+초과1Km당100원추가,전라남도 구례군청 환경교통과,061-780-2483,2021.10.31,4870000,전라남도 구례군